cell_id,x,y,depth,roughness
0,0.5,0.5,0.0,0.38741837033672644
1,1.5,0.5,0.037815126050420166,0.37973000843988297
2,2.5,0.5,0.07563025210084033,0.38924637836135956
3,3.5,0.5,0.11344537815126049,0.3998450700084237
4,4.5,0.5,0.1512605042016807,0.37856897707799236
5,5.5,0.5,0.18907563025210086,0.37856917586550776
6,6.5,0.5,0.22689075630252103,0.4005253370618118
7,7.5,0.5,0.2647058823529412,0.3906962733089836
8,8.5,0.5,0.3025210084033613,0.3757196944224648
9,9.5,0.5,0.34033613445378147,0.38797347546806443
10,10.5,0.5,0.37815126050420167,0.3757930292707846
11,11.5,0.5,0.4159663865546218,0.3757650346833835
12,12.5,0.5,0.45378151260504196,0.3843338173954917
13,13.5,0.5,0.49159663865546216,0.3582379958269743
14,14.5,0.5,0.5294117647058824,0.36051870060174723
15,15.5,0.5,0.5672268907563025,0.3745959066313437
16,16.5,0.5,0.6050420168067226,0.36914069448073444
17,17.5,0.5,0.6428571428571428,0.3852090497837212
18,18.5,0.5,0.6806722689075632,0.3704097052392414
19,19.5,0.5,0.7184873949579832,0.3643038535604522
20,20.5,0.5,0.7411764705882353,0.01774617402356494
21,21.5,0.5,0.7411764705882353,0.0
22,22.5,0.5,0.7411764705882353,0.0008176360512161359
23,23.5,0.5,0.7411764705882353,0.0
24,24.5,0.5,0.7411764705882353,0.0
25,25.5,0.5,0.7411764705882353,0.0013430581882071194
26,26.5,0.5,0.7411764705882353,0.0
27,27.5,0.5,0.7411764705882353,0.004548976914009633
28,28.5,0.5,0.7411764705882353,0.0
29,29.5,0.5,0.7411764705882353,0.0
30,30.5,0.5,0.7411764705882353,0.0
31,31.5,0.5,0.7411764705882353,0.02242750903174121
32,32.5,0.5,0.7277996913050938,0.8992930073213128
33,33.5,0.5,0.6386211627508148,0.8866495974500115
34,34.5,0.5,0.5494426341965357,0.9094158618317665
35,35.5,0.5,0.46026410564225667,0.8846743754748316
36,36.5,0.5,0.43529411764705883,0.002528934477848399
37,37.5,0.5,0.43529411764705883,0.0
38,38.5,0.5,0.43529411764705883,0.0
39,39.5,0.5,0.43529411764705883,0.0023836091049277267
40,40.5,0.5,0.43529411764705883,0.008941403095387044
41,41.5,0.5,0.43529411764705883,0.002074938692408643
42,42.5,0.5,0.43529411764705883,0.0
43,43.5,0.5,0.43529411764705883,0.0
44,44.5,0.5,0.5198079231692677,0.9507433451274908
45,45.5,0.5,0.6158463385354143,0.9599294668178922
46,46.5,0.5,0.7118847539015608,0.9630679437150269
47,47.5,0.5,0.8079231692677069,0.9814450961087285
48,48.5,0.5,0.9039615846338535,0.9728059423805033
49,49.5,0.5,1.0,0.9472983800199315
50,0.5,1.5,0.0,0.3853281524447335
51,1.5,1.5,0.037815126050420166,0.3767415197209577
52,2.5,1.5,0.07563025210084033,0.3732079047335278
53,3.5,1.5,0.11344537815126049,0.3888103396214539
54,4.5,1.5,0.1512605042016807,0.39388753358112444
55,5.5,1.5,0.18907563025210086,0.3926801243276747
56,6.5,1.5,0.22689075630252103,0.371242819609454
57,7.5,1.5,0.2647058823529412,0.3776601576361752
58,8.5,1.5,0.3025210084033613,0.3854150818543355
59,9.5,1.5,0.34033613445378147,0.39321608802639146
60,10.5,1.5,0.37815126050420167,0.3756022479621301
61,11.5,1.5,0.4159663865546218,0.3791561505163766
62,12.5,1.5,0.45378151260504196,0.3680085435217102
63,13.5,1.5,0.49159663865546216,0.366920371528646
64,14.5,1.5,0.5294117647058824,0.3912422393033886
65,15.5,1.5,0.5672268907563025,0.39782556753774556
66,16.5,1.5,0.6050420168067226,0.38053221850950936
67,17.5,1.5,0.6428571428571428,0.393554965840191
68,18.5,1.5,0.6806722689075632,0.3857828352641455
69,19.5,1.5,0.7184873949579832,0.3735929684667314
70,20.5,1.5,0.7411764705882353,0.004375802335932779
71,21.5,1.5,0.7411764705882353,0.018622650352440793
72,22.5,1.5,0.7411764705882353,0.0
73,23.5,1.5,0.7411764705882353,0.018944810782581395
74,24.5,1.5,0.7411764705882353,0.0
75,25.5,1.5,0.7411764705882353,0.009951650888213063
76,26.5,1.5,0.7411764705882353,0.0010539717659179496
77,27.5,1.5,0.7411764705882353,0.0
78,28.5,1.5,0.7411764705882353,0.0011110456635082366
79,29.5,1.5,0.7411764705882353,0.0
80,30.5,1.5,0.7411764705882353,0.0
81,31.5,1.5,0.7411764705882353,0.004323943071786135
82,32.5,1.5,0.7277996913050938,0.9173508732757065
83,33.5,1.5,0.6386211627508148,0.8931811819129156
84,34.5,1.5,0.5494426341965357,0.889667137621695
85,35.5,1.5,0.46026410564225667,0.8933811245442823
86,36.5,1.5,0.43529411764705883,0.011083750504722977
87,37.5,1.5,0.43529411764705883,0.003980540581188247
88,38.5,1.5,0.43529411764705883,0.0
89,39.5,1.5,0.43529411764705883,0.0062146766550080675
90,40.5,1.5,0.43529411764705883,0.0011754215068724592
91,41.5,1.5,0.43529411764705883,0.01172841879552052
92,42.5,1.5,0.43529411764705883,0.0
93,43.5,1.5,0.43529411764705883,0.0
94,44.5,1.5,0.5198079231692677,0.9638977170520635
95,45.5,1.5,0.6158463385354143,0.9509250514057848
96,46.5,1.5,0.7118847539015608,0.9722308332455312
97,47.5,1.5,0.8079231692677069,0.9718062638043282
98,48.5,1.5,0.9039615846338535,0.9687073030609734
99,49.5,1.5,1.0,0.9658049921702585
100,0.5,2.5,0.0,0.3642667176248959
101,1.5,2.5,0.037815126050420166,0.3763109200085874
102,2.5,2.5,0.07563025210084033,0.37725451146010885
103,3.5,2.5,0.11344537815126049,0.3716900946932785
104,4.5,2.5,0.1512605042016807,0.3794512636508234
105,5.5,2.5,0.18907563025210086,0.3862963969043538
106,6.5,2.5,0.22689075630252103,0.4042421878619165
107,7.5,2.5,0.2647058823529412,0.38351792182996636
108,8.5,2.5,0.3025210084033613,0.38452255939229285
109,9.5,2.5,0.34033613445378147,0.3805027257492922
110,10.5,2.5,0.37815126050420167,0.3581715107845657
111,11.5,2.5,0.4159663865546218,0.381083090122262
112,12.5,2.5,0.45378151260504196,0.38213339335144764
113,13.5,2.5,0.49159663865546216,0.4112292233398469
114,14.5,2.5,0.5294117647058824,0.37907500239279096
115,15.5,2.5,0.5672268907563025,0.385055277446267
116,16.5,2.5,0.6050420168067226,0.38098382946651554
117,17.5,2.5,0.6428571428571428,0.36725368950790616
118,18.5,2.5,0.6806722689075632,0.3952414975335505
119,19.5,2.5,0.7184873949579832,0.3905085777239418
120,20.5,2.5,0.7411764705882353,0.009577868100523518
121,21.5,2.5,0.7411764705882353,0.0
122,22.5,2.5,0.7411764705882353,0.016985128012256597
123,23.5,2.5,0.7411764705882353,0.0
124,24.5,2.5,0.7411764705882353,0.007105705223773557
125,25.5,2.5,0.7411764705882353,0.02652218427142232
126,26.5,2.5,0.7411764705882353,0.0
127,27.5,2.5,0.7411764705882353,0.0
128,28.5,2.5,0.7411764705882353,0.0012065854412256778
129,29.5,2.5,0.7411764705882353,0.0
130,30.5,2.5,0.7411764705882353,0.0
131,31.5,2.5,0.7411764705882353,0.0008301651175106215
132,32.5,2.5,0.7277996913050938,0.8865939877026333
133,33.5,2.5,0.6386211627508148,0.9051907216800468
134,34.5,2.5,0.5494426341965357,0.8883239820648811
135,35.5,2.5,0.46026410564225667,0.9182231428105981
136,36.5,2.5,0.43529411764705883,0.0
137,37.5,2.5,0.43529411764705883,0.0
138,38.5,2.5,0.43529411764705883,0.00985012126829765
139,39.5,2.5,0.43529411764705883,0.0
140,40.5,2.5,0.43529411764705883,0.002754100210409708
141,41.5,2.5,0.43529411764705883,0.0158269725209857
142,42.5,2.5,0.43529411764705883,0.0
143,43.5,2.5,0.43529411764705883,0.0022355591964693363
144,44.5,2.5,0.5198079231692677,0.9717920673625532
145,45.5,2.5,0.6158463385354143,0.9781117529803537
146,46.5,2.5,0.7118847539015608,0.9536683064523434
147,47.5,2.5,0.8079231692677069,0.9526572113632816
148,48.5,2.5,0.9039615846338535,0.9749650926191626
149,49.5,2.5,1.0,0.9722412994125684
150,0.5,3.5,0.0,0.38443710621802263
151,1.5,3.5,0.037815126050420166,0.38559894017039953
152,2.5,3.5,0.07563025210084033,0.37317033677535355
153,3.5,3.5,0.11344537815126049,0.3842162653226181
154,4.5,3.5,0.1512605042016807,0.38495266316098536
155,5.5,3.5,0.18907563025210086,0.3727547068224376
156,6.5,3.5,0.22689075630252103,0.40399504537604214
157,7.5,3.5,0.2647058823529412,0.3871413228371089
158,8.5,3.5,0.3025210084033613,0.3669797389191709
159,9.5,3.5,0.34033613445378147,0.389353717232532
160,10.5,3.5,0.37815126050420167,0.3696026105923313
161,11.5,3.5,0.4159663865546218,0.3909341953141744
162,12.5,3.5,0.45378151260504196,0.3954324752285138
163,13.5,3.5,0.49159663865546216,0.37146724511859075
164,14.5,3.5,0.5294117647058824,0.39306874498035255
165,15.5,3.5,0.5672268907563025,0.38640210118158813
166,16.5,3.5,0.6050420168067226,0.3913576817054422
167,17.5,3.5,0.6428571428571428,0.4043706191185365
168,18.5,3.5,0.6806722689075632,0.3784329460737675
169,19.5,3.5,0.7184873949579832,0.37227783366079925
170,20.5,3.5,0.7411764705882353,0.0
171,21.5,3.5,0.7411764705882353,0.0
172,22.5,3.5,0.7411764705882353,0.0
173,23.5,3.5,0.7411764705882353,0.004130691091859432
174,24.5,3.5,0.7411764705882353,0.0033501908368147463
175,25.5,3.5,0.7411764705882353,0.010015590500289103
176,26.5,3.5,0.7411764705882353,0.0001574277826949569
177,27.5,3.5,0.7411764705882353,0.017599488519610133
178,28.5,3.5,0.7411764705882353,0.0
179,29.5,3.5,0.7411764705882353,0.03293599150590129
180,30.5,3.5,0.7411764705882353,0.007575622393126305
181,31.5,3.5,0.7411764705882353,0.0
182,32.5,3.5,0.7277996913050938,0.8864899941233448
183,33.5,3.5,0.6386211627508148,0.9052982411318566
184,34.5,3.5,0.5494426341965357,0.8967507301698181
185,35.5,3.5,0.46026410564225667,0.9081015987066872
186,36.5,3.5,0.43529411764705883,0.005729993036708315
187,37.5,3.5,0.43529411764705883,0.0
188,38.5,3.5,0.43529411764705883,0.0
189,39.5,3.5,0.43529411764705883,0.0
190,40.5,3.5,0.43529411764705883,0.0
191,41.5,3.5,0.43529411764705883,0.01036933429065567
192,42.5,3.5,0.43529411764705883,0.0025922614757741707
193,43.5,3.5,0.43529411764705883,0.0
194,44.5,3.5,0.5198079231692677,0.9707422752995626
195,45.5,3.5,0.6158463385354143,0.9733108377731114
196,46.5,3.5,0.7118847539015608,0.9579435836073047
197,47.5,3.5,0.8079231692677069,0.9705067029215564
198,48.5,3.5,0.9039615846338535,0.9693501840675092
199,49.5,3.5,1.0,0.9548062276242582
200,0.5,4.5,0.0,0.38573623537273605
201,1.5,4.5,0.037815126050420166,0.38819413873326264
202,2.5,4.5,0.07563025210084033,0.39451777932143306
203,3.5,4.5,0.11344537815126049,0.3941636281448128
204,4.5,4.5,0.1512605042016807,0.3647232084020579
205,5.5,4.5,0.18907563025210086,0.37004887315491286
206,6.5,4.5,0.22689075630252103,0.38764020362157026
207,7.5,4.5,0.2647058823529412,0.3876250768156817
208,8.5,4.5,0.3025210084033613,0.3876403539928237
209,9.5,4.5,0.34033613445378147,0.428053254329914
210,10.5,4.5,0.37815126050420167,0.3883165026722037
211,11.5,4.5,0.4159663865546218,0.3951536271778494
212,12.5,4.5,0.45378151260504196,0.3929552395283592
213,13.5,4.5,0.49159663865546216,0.38929121106225595
214,14.5,4.5,0.5294117647058824,0.37758682066087185
215,15.5,4.5,0.5672268907563025,0.390593772360011
216,16.5,4.5,0.6050420168067226,0.37204670215547103
217,17.5,4.5,0.6428571428571428,0.37853670626918406
218,18.5,4.5,0.6806722689075632,0.37552730737991996
219,19.5,4.5,0.7184873949579832,0.382395459507156
220,20.5,4.5,0.7411764705882353,0.028026041845992916
221,21.5,4.5,0.7411764705882353,0.0
222,22.5,4.5,0.7411764705882353,0.008309284613115074
223,23.5,4.5,0.7411764705882353,0.0
224,24.5,4.5,0.7411764705882353,0.0
225,25.5,4.5,0.7411764705882353,0.013185087182290755
226,26.5,4.5,0.7411764705882353,0.0007783068012573856
227,27.5,4.5,0.7411764705882353,0.0
228,28.5,4.5,0.7411764705882353,0.0
229,29.5,4.5,0.7411764705882353,0.008228615323364186
230,30.5,4.5,0.7411764705882353,0.0
231,31.5,4.5,0.7411764705882353,0.002620895183805627
232,32.5,4.5,0.7277996913050938,0.9000082195350226
233,33.5,4.5,0.6386211627508148,0.8915668117255384
234,34.5,4.5,0.5494426341965357,0.9254154520820516
235,35.5,4.5,0.46026410564225667,0.9071319668519751
236,36.5,4.5,0.43529411764705883,0.0
237,37.5,4.5,0.43529411764705883,0.0022576014032185342
238,38.5,4.5,0.43529411764705883,0.0
239,39.5,4.5,0.43529411764705883,0.010321320239577297
240,40.5,4.5,0.43529411764705883,0.0
241,41.5,4.5,0.43529411764705883,0.0
242,42.5,4.5,0.43529411764705883,0.006114419990996753
243,43.5,4.5,0.43529411764705883,0.010482622210267451
244,44.5,4.5,0.5198079231692677,0.9541121192321419
245,45.5,4.5,0.6158463385354143,0.9645952254871595
246,46.5,4.5,0.7118847539015608,0.9628947191625498
247,47.5,4.5,0.8079231692677069,0.9607348346257341
248,48.5,4.5,0.9039615846338535,0.9900216278498626
249,49.5,4.5,1.0,0.9735489348203042
250,0.5,5.5,0.0,0.36613725405713793
251,1.5,5.5,0.037815126050420166,0.3925176561964893
252,2.5,5.5,0.07563025210084033,0.40709933209898874
253,3.5,5.5,0.11344537815126049,0.3939052808362322
254,4.5,5.5,0.1512605042016807,0.3630074880162339
255,5.5,5.5,0.18907563025210086,0.3755409831388685
256,6.5,5.5,0.22689075630252103,0.3967439674486434
257,7.5,5.5,0.2647058823529412,0.372835612352286
258,8.5,5.5,0.3025210084033613,0.3867779174449258
259,9.5,5.5,0.34033613445378147,0.3907834432122856
260,10.5,5.5,0.37815126050420167,0.3701807853222065
261,11.5,5.5,0.4159663865546218,0.3806833848912758
262,12.5,5.5,0.45378151260504196,0.3421586386194779
263,13.5,5.5,0.49159663865546216,0.3690007673458599
264,14.5,5.5,0.5294117647058824,0.3783460097215982
265,15.5,5.5,0.5672268907563025,0.36629587909160355
266,16.5,5.5,0.6050420168067226,0.4011694679433449
267,17.5,5.5,0.6428571428571428,0.3640878737702858
268,18.5,5.5,0.6806722689075632,0.37607603362490355
269,19.5,5.5,0.7184873949579832,0.3829871376290017
270,20.5,5.5,0.7411764705882353,0.01745103407148706
271,21.5,5.5,0.7411764705882353,0.0
272,22.5,5.5,0.7411764705882353,0.01408366506447049
273,23.5,5.5,0.7411764705882353,0.00012390259214762136
274,24.5,5.5,0.7411764705882353,0.0
275,25.5,5.5,0.7411764705882353,0.005595179994729613
276,26.5,5.5,0.7411764705882353,0.002410228203121243
277,27.5,5.5,0.7411764705882353,0.0
278,28.5,5.5,0.7411764705882353,0.0008451683470876957
279,29.5,5.5,0.7411764705882353,0.0
280,30.5,5.5,0.7411764705882353,0.0013744756630908567
281,31.5,5.5,0.7411764705882353,0.008017122809741766
282,32.5,5.5,0.7277996913050938,0.9186600310752622
283,33.5,5.5,0.6386211627508148,0.884468879185757
284,34.5,5.5,0.5494426341965357,0.9252833444138678
285,35.5,5.5,0.46026410564225667,0.8758204220537792
286,36.5,5.5,0.43529411764705883,0.0
287,37.5,5.5,0.43529411764705883,0.007123384366511677
288,38.5,5.5,0.43529411764705883,0.003402268462792484
289,39.5,5.5,0.43529411764705883,0.0
290,40.5,5.5,0.43529411764705883,0.0
291,41.5,5.5,0.43529411764705883,0.0
292,42.5,5.5,0.43529411764705883,0.0
293,43.5,5.5,0.43529411764705883,0.010287039421876514
294,44.5,5.5,0.5198079231692677,0.9729681565369389
295,45.5,5.5,0.6158463385354143,0.9602555929280966
296,46.5,5.5,0.7118847539015608,0.979537804874349
297,47.5,5.5,0.8079231692677069,0.9723661922826667
298,48.5,5.5,0.9039615846338535,0.978487578274651
299,49.5,5.5,1.0,0.9762689774147462
300,0.5,6.5,0.0,0.37136659447701204
301,1.5,6.5,0.037815126050420166,0.3746214121424795
302,2.5,6.5,0.07563025210084033,0.39045240322249464
303,3.5,6.5,0.11344537815126049,0.38879452620206034
304,4.5,6.5,0.1512605042016807,0.3811510440045537
305,5.5,6.5,0.18907563025210086,0.38282472977279525
306,6.5,6.5,0.22689075630252103,0.39687417453689505
307,7.5,6.5,0.2647058823529412,0.3742413356866067
308,8.5,6.5,0.3025210084033613,0.38802841385717785
309,9.5,6.5,0.34033613445378147,0.37895595965640616
310,10.5,6.5,0.37815126050420167,0.3787684232400563
311,11.5,6.5,0.4159663865546218,0.39470818605222646
312,12.5,6.5,0.45378151260504196,0.3913983186677221
313,13.5,6.5,0.49159663865546216,0.3912541513848073
314,14.5,6.5,0.5294117647058824,0.397210947249308
315,15.5,6.5,0.5672268907563025,0.3816584378417274
316,16.5,6.5,0.6050420168067226,0.3896612544267267
317,17.5,6.5,0.6428571428571428,0.3776473911231227
318,18.5,6.5,0.6806722689075632,0.3853291499447557
319,19.5,6.5,0.7184873949579832,0.37982834104321805
320,20.5,6.5,0.7411764705882353,0.0011744336780025089
321,21.5,6.5,0.7411764705882353,0.0072062013551324675
322,22.5,6.5,0.7411764705882353,0.0
323,23.5,6.5,0.7411764705882353,0.02533476608200565
324,24.5,6.5,0.7411764705882353,0.0
325,25.5,6.5,0.7411764705882353,0.0
326,26.5,6.5,0.7411764705882353,0.014022484469343564
327,27.5,6.5,0.7411764705882353,0.009585505226718092
328,28.5,6.5,0.7411764705882353,0.007556884787009885
329,29.5,6.5,0.7411764705882353,0.007608049752966611
330,30.5,6.5,0.7411764705882353,0.0
331,31.5,6.5,0.7411764705882353,0.0
332,32.5,6.5,0.7277996913050938,0.9003742793246222
333,33.5,6.5,0.6386211627508148,0.891257313009489
334,34.5,6.5,0.5494426341965357,0.9112632480460332
335,35.5,6.5,0.46026410564225667,0.8976758519461588
336,36.5,6.5,0.43529411764705883,0.0
337,37.5,6.5,0.43529411764705883,0.0
338,38.5,6.5,0.43529411764705883,0.00499980186437914
339,39.5,6.5,0.43529411764705883,0.0
340,40.5,6.5,0.43529411764705883,0.0
341,41.5,6.5,0.43529411764705883,0.002950581172073574
342,42.5,6.5,0.43529411764705883,0.0029660717444945136
343,43.5,6.5,0.43529411764705883,0.0
344,44.5,6.5,0.5198079231692677,0.9629420254488448
345,45.5,6.5,0.6158463385354143,0.9714550652564344
346,46.5,6.5,0.7118847539015608,0.9511118862303599
347,47.5,6.5,0.8079231692677069,0.9516037227933528
348,48.5,6.5,0.9039615846338535,0.959946417956517
349,49.5,6.5,1.0,0.9660609564922754
350,0.5,7.5,0.0,0.3851686116599692
351,1.5,7.5,0.037815126050420166,0.39926783437046803
352,2.5,7.5,0.07563025210084033,0.39178872240390034
353,3.5,7.5,0.11344537815126049,0.3794675754176275
354,4.5,7.5,0.1512605042016807,0.38117387238598976
355,5.5,7.5,0.18907563025210086,0.3692654288325388
356,6.5,7.5,0.22689075630252103,0.38117996361456774
357,7.5,7.5,0.2647058823529412,0.3779090236674836
358,8.5,7.5,0.3025210084033613,0.3853116199798726
359,9.5,7.5,0.34033613445378147,0.37138795392353136
360,10.5,7.5,0.37815126050420167,0.3876924044910411
361,11.5,7.5,0.4159663865546218,0.3999626279196805
362,12.5,7.5,0.45378151260504196,0.3800872467083879
363,13.5,7.5,0.49159663865546216,0.3862680745036336
364,14.5,7.5,0.5294117647058824,0.38976043185355697
365,15.5,7.5,0.5672268907563025,0.37654611741164606
366,16.5,7.5,0.6050420168067226,0.3841174487775151
367,17.5,7.5,0.6428571428571428,0.3815565915491556
368,18.5,7.5,0.6806722689075632,0.3825867906931519
369,19.5,7.5,0.7184873949579832,0.37204446737760255
370,20.5,7.5,0.7411764705882353,0.0002967708409888343
371,21.5,7.5,0.7411764705882353,0.006029796856707039
372,22.5,7.5,0.7411764705882353,0.017570544555544205
373,23.5,7.5,0.7411764705882353,0.011614915780922764
374,24.5,7.5,0.7411764705882353,0.026070878238858917
375,25.5,7.5,0.7411764705882353,0.0
376,26.5,7.5,0.7411764705882353,0.010562117030932862
377,27.5,7.5,0.7411764705882353,0.0022199173558179923
378,28.5,7.5,0.7411764705882353,0.026514281425547806
379,29.5,7.5,0.7411764705882353,0.0
380,30.5,7.5,0.7411764705882353,0.0
381,31.5,7.5,0.7411764705882353,0.0
382,32.5,7.5,0.7277996913050938,0.873740160127213
383,33.5,7.5,0.6386211627508148,0.8930905554090689
384,34.5,7.5,0.5494426341965357,0.8902648032244999
385,35.5,7.5,0.46026410564225667,0.9012774107250335
386,36.5,7.5,0.43529411764705883,0.0041380043761762445
387,37.5,7.5,0.43529411764705883,0.022716802904396965
388,38.5,7.5,0.43529411764705883,0.01150779585548638
389,39.5,7.5,0.43529411764705883,0.0
390,40.5,7.5,0.43529411764705883,0.0
391,41.5,7.5,0.43529411764705883,0.005956190465404456
392,42.5,7.5,0.43529411764705883,0.0
393,43.5,7.5,0.43529411764705883,0.022175426108227713
394,44.5,7.5,0.5198079231692677,0.9829261294149774
395,45.5,7.5,0.6158463385354143,0.9629645785830604
396,46.5,7.5,0.7118847539015608,0.9479026407045886
397,47.5,7.5,0.8079231692677069,0.9850381668898355
398,48.5,7.5,0.9039615846338535,0.9672585328215068
399,49.5,7.5,1.0,0.9836329522710128
400,0.5,8.5,0.0,0.3620986844152755
401,1.5,8.5,0.037815126050420166,0.3741468487590635
402,2.5,8.5,0.07563025210084033,0.3814676129816663
403,3.5,8.5,0.11344537815126049,0.38197296610627496
404,4.5,8.5,0.1512605042016807,0.3759546988661378
405,5.5,8.5,0.18907563025210086,0.38894563084971445
406,6.5,8.5,0.22689075630252103,0.3684773018359256
407,7.5,8.5,0.2647058823529412,0.3796801815165901
408,8.5,8.5,0.3025210084033613,0.3828606695243939
409,9.5,8.5,0.34033613445378147,0.38763298196879975
410,10.5,8.5,0.37815126050420167,0.3900204027921472
411,11.5,8.5,0.4159663865546218,0.3677868797057928
412,12.5,8.5,0.45378151260504196,0.36282896419152044
413,13.5,8.5,0.49159663865546216,0.396874318939025
414,14.5,8.5,0.5294117647058824,0.3854278023547195
415,15.5,8.5,0.5672268907563025,0.37234139650797443
416,16.5,8.5,0.6050420168067226,0.4001855745211526
417,17.5,8.5,0.6428571428571428,0.3828047181763632
418,18.5,8.5,0.6806722689075632,0.3956831316570446
419,19.5,8.5,0.7184873949579832,0.3822216402333499
420,20.5,8.5,0.7411764705882353,0.02495167469117796
421,21.5,8.5,0.7411764705882353,0.02125378516408761
422,22.5,8.5,0.7411764705882353,0.0
423,23.5,8.5,0.7411764705882353,0.011763846521403038
424,24.5,8.5,0.7411764705882353,0.007814255471581199
425,25.5,8.5,0.7411764705882353,0.01657148309276256
426,26.5,8.5,0.7411764705882353,0.0
427,27.5,8.5,0.7411764705882353,0.008306757291661013
428,28.5,8.5,0.7411764705882353,0.012815474984675902
429,29.5,8.5,0.7411764705882353,0.0
430,30.5,8.5,0.7411764705882353,0.0
431,31.5,8.5,0.7411764705882353,0.0
432,32.5,8.5,0.7277996913050938,0.8961944365283266
433,33.5,8.5,0.6386211627508148,0.9081444825961134
434,34.5,8.5,0.5494426341965357,0.9176470730165048
435,35.5,8.5,0.46026410564225667,0.9003535772200262
436,36.5,8.5,0.43529411764705883,0.01971938673305583
437,37.5,8.5,0.43529411764705883,0.0
438,38.5,8.5,0.43529411764705883,0.0
439,39.5,8.5,0.43529411764705883,0.0
440,40.5,8.5,0.43529411764705883,0.004650290327286686
441,41.5,8.5,0.43529411764705883,0.0
442,42.5,8.5,0.43529411764705883,0.0
443,43.5,8.5,0.43529411764705883,0.0
444,44.5,8.5,0.5198079231692677,0.9528507843993218
445,45.5,8.5,0.6158463385354143,0.9767538293154051
446,46.5,8.5,0.7118847539015608,0.9730841852421316
447,47.5,8.5,0.8079231692677069,0.9572652612181825
448,48.5,8.5,0.9039615846338535,0.9624234537331253
449,49.5,8.5,1.0,0.9558203603094084
450,0.5,9.5,0.0,0.38064519918027045
451,1.5,9.5,0.037815126050420166,0.3929690494694706
452,2.5,9.5,0.07563025210084033,0.36946888454245275
453,3.5,9.5,0.11344537815126049,0.38750715107587036
454,4.5,9.5,0.1512605042016807,0.37498372694962795
455,5.5,9.5,0.18907563025210086,0.37180396424948586
456,6.5,9.5,0.22689075630252103,0.38010819110411054
457,7.5,9.5,0.2647058823529412,0.36886933813608547
458,8.5,9.5,0.3025210084033613,0.3747004988280058
459,9.5,9.5,0.34033613445378147,0.36690013569696844
460,10.5,9.5,0.37815126050420167,0.4051931461699796
461,11.5,9.5,0.4159663865546218,0.38183109537494403
462,12.5,9.5,0.45378151260504196,0.3729317983263472
463,13.5,9.5,0.49159663865546216,0.38399500508558415
464,14.5,9.5,0.5294117647058824,0.38004404631990496
465,15.5,9.5,0.5672268907563025,0.37872860711620365
466,16.5,9.5,0.6050420168067226,0.3888404936881744
467,17.5,9.5,0.6428571428571428,0.39057607629294616
468,18.5,9.5,0.6806722689075632,0.3749807782811942
469,19.5,9.5,0.7184873949579832,0.37443207586607336
470,20.5,9.5,0.7411764705882353,0.0
471,21.5,9.5,0.7411764705882353,0.0
472,22.5,9.5,0.7411764705882353,0.0
473,23.5,9.5,0.7411764705882353,0.016550205706004094
474,24.5,9.5,0.7411764705882353,0.01991737988387171
475,25.5,9.5,0.7411764705882353,0.0
476,26.5,9.5,0.7411764705882353,0.006980990546878673
477,27.5,9.5,0.7411764705882353,0.003768637837737445
478,28.5,9.5,0.7411764705882353,0.03727929622924916
479,29.5,9.5,0.7411764705882353,0.013555888444783806
480,30.5,9.5,0.7411764705882353,0.0
481,31.5,9.5,0.7411764705882353,0.0
482,32.5,9.5,0.7277996913050938,0.8800054723680562
483,33.5,9.5,0.6386211627508148,0.9019199840365012
484,34.5,9.5,0.5494426341965357,0.8902984868540859
485,35.5,9.5,0.46026410564225667,0.8822356889054286
486,36.5,9.5,0.43529411764705883,0.0
487,37.5,9.5,0.43529411764705883,0.0
488,38.5,9.5,0.43529411764705883,0.020428024567188872
489,39.5,9.5,0.43529411764705883,0.01067495356642015
490,40.5,9.5,0.43529411764705883,0.0
491,41.5,9.5,0.43529411764705883,0.017919263326112107
492,42.5,9.5,0.43529411764705883,0.0009367806807040216
493,43.5,9.5,0.43529411764705883,0.0
494,44.5,9.5,0.5198079231692677,0.9870874779122045
495,45.5,9.5,0.6158463385354143,0.9751705480946428
496,46.5,9.5,0.7118847539015608,0.9560863426756274
497,47.5,9.5,0.8079231692677069,0.966340755447606
498,48.5,9.5,0.9039615846338535,0.9580433441878556
499,49.5,9.5,1.0,0.9519023566924145
500,0.5,10.5,0.0,0.39261834204721885
501,1.5,10.5,0.037815126050420166,0.4045234672177609
502,2.5,10.5,0.07563025210084033,0.36447017151772915
503,3.5,10.5,0.11344537815126049,0.38822059135299936
504,4.5,10.5,0.1512605042016807,0.373526097856548
505,5.5,10.5,0.18907563025210086,0.3755059749517448
506,6.5,10.5,0.22689075630252103,0.37423137637255316
507,7.5,10.5,0.2647058823529412,0.37094286347255345
508,8.5,10.5,0.3025210084033613,0.38199162505192075
509,9.5,10.5,0.34033613445378147,0.371342921928026
510,10.5,10.5,0.37815126050420167,0.38467883137737097
511,11.5,10.5,0.4159663865546218,0.38079583549887214
512,12.5,10.5,0.45378151260504196,0.37851092286468957
513,13.5,10.5,0.49159663865546216,0.370415279956667
514,14.5,10.5,0.5294117647058824,0.3744205357890755
515,15.5,10.5,0.5672268907563025,0.39055044975955483
516,16.5,10.5,0.6050420168067226,0.3874692609630577
517,17.5,10.5,0.6428571428571428,0.3695678171578523
518,18.5,10.5,0.6806722689075632,0.3826068441576256
519,19.5,10.5,0.7184873949579832,0.39050196781718227
520,20.5,10.5,0.7411764705882353,0.0
521,21.5,10.5,0.7411764705882353,0.006579041811325092
522,22.5,10.5,0.7411764705882353,0.0
523,23.5,10.5,0.7411764705882353,0.006908847116161045
524,24.5,10.5,0.7411764705882353,0.0
525,25.5,10.5,0.7411764705882353,0.0
526,26.5,10.5,0.7411764705882353,0.0
527,27.5,10.5,0.7411764705882353,0.0005822157732883105
528,28.5,10.5,0.7411764705882353,0.0031447375463471315
529,29.5,10.5,0.7411764705882353,0.0
530,30.5,10.5,0.7411764705882353,0.007732120507929176
531,31.5,10.5,0.7411764705882353,0.0
532,32.5,10.5,0.7277996913050938,0.8986563339743352
533,33.5,10.5,0.6386211627508148,0.8847933669040909
534,34.5,10.5,0.5494426341965357,0.8915639571250654
535,35.5,10.5,0.46026410564225667,0.9000303389326916
536,36.5,10.5,0.43529411764705883,0.0
537,37.5,10.5,0.43529411764705883,0.0
538,38.5,10.5,0.43529411764705883,0.012184261120160161
539,39.5,10.5,0.43529411764705883,0.0
540,40.5,10.5,0.43529411764705883,0.010118616387022192
541,41.5,10.5,0.43529411764705883,0.0
542,42.5,10.5,0.43529411764705883,0.006414904675022855
543,43.5,10.5,0.43529411764705883,0.017454609966294603
544,44.5,10.5,0.5198079231692677,0.9387185508803083
545,45.5,10.5,0.6158463385354143,0.9589965275495634
546,46.5,10.5,0.7118847539015608,0.9756326171722962
547,47.5,10.5,0.8079231692677069,0.9661869017716807
548,48.5,10.5,0.9039615846338535,0.9731392482195093
549,49.5,10.5,1.0,0.9613322956569095
550,0.5,11.5,0.0,0.38245255689187035
551,1.5,11.5,0.037815126050420166,0.37951917145936115
552,2.5,11.5,0.07563025210084033,0.39554370577930603
553,3.5,11.5,0.11344537815126049,0.3844846666213136
554,4.5,11.5,0.1512605042016807,0.3854918376863471
555,5.5,11.5,0.18907563025210086,0.3764170878614629
556,6.5,11.5,0.22689075630252103,0.37550015290490746
557,7.5,11.5,0.2647058823529412,0.37616667823600497
558,8.5,11.5,0.3025210084033613,0.38618017502335406
559,9.5,11.5,0.34033613445378147,0.3763068134599846
560,10.5,11.5,0.37815126050420167,0.3849127353994374
561,11.5,11.5,0.4159663865546218,0.40653321458599356
562,12.5,11.5,0.45378151260504196,0.3919517585023456
563,13.5,11.5,0.49159663865546216,0.37745660702305545
564,14.5,11.5,0.5294117647058824,0.39594850099832263
565,15.5,11.5,0.5672268907563025,0.3764631178069329
566,16.5,11.5,0.6050420168067226,0.35672637274769414
567,17.5,11.5,0.6428571428571428,0.3691981449526426
568,18.5,11.5,0.6806722689075632,0.35875244731162076
569,19.5,11.5,0.7184873949579832,0.3771479729687099
570,20.5,11.5,0.7411764705882353,0.00022301097593135954
571,21.5,11.5,0.7411764705882353,0.020298415905691643
572,22.5,11.5,0.7411764705882353,0.003958458664114236
573,23.5,11.5,0.7411764705882353,0.0
574,24.5,11.5,0.7411764705882353,0.010042498647632004
575,25.5,11.5,0.7411764705882353,0.0
576,26.5,11.5,0.7411764705882353,0.002852836941115569
577,27.5,11.5,0.7411764705882353,0.009333687694830952
578,28.5,11.5,0.7411764705882353,0.0
579,29.5,11.5,0.7411764705882353,0.013848651001045223
580,30.5,11.5,0.7411764705882353,0.004098537303836768
581,31.5,11.5,0.7411764705882353,0.0
582,32.5,11.5,0.7277996913050938,0.9071181980880965
583,33.5,11.5,0.6386211627508148,0.9269501347090183
584,34.5,11.5,0.5494426341965357,0.9016584814946856
585,35.5,11.5,0.46026410564225667,0.9024619042071417
586,36.5,11.5,0.43529411764705883,0.0
587,37.5,11.5,0.43529411764705883,0.0
588,38.5,11.5,0.43529411764705883,0.010053762000042831
589,39.5,11.5,0.43529411764705883,0.0
590,40.5,11.5,0.43529411764705883,0.0008665288211182912
591,41.5,11.5,0.43529411764705883,0.0
592,42.5,11.5,0.43529411764705883,0.005799519995316988
593,43.5,11.5,0.43529411764705883,0.004040003247059087
594,44.5,11.5,0.5198079231692677,0.9812079925196373
595,45.5,11.5,0.6158463385354143,0.9624700760702845
596,46.5,11.5,0.7118847539015608,0.9653777250875654
597,47.5,11.5,0.8079231692677069,0.9567944519810312
598,48.5,11.5,0.9039615846338535,0.9632658562618776
599,49.5,11.5,1.0,0.9732137687691059
600,0.5,12.5,0.0,0.3905697910750932
601,1.5,12.5,0.037815126050420166,0.37023848204795007
602,2.5,12.5,0.07563025210084033,0.3919333689715396
603,3.5,12.5,0.11344537815126049,0.3978182764255368
604,4.5,12.5,0.1512605042016807,0.3864100195704068
605,5.5,12.5,0.18907563025210086,0.4041284920359746
606,6.5,12.5,0.22689075630252103,0.3720350301652896
607,7.5,12.5,0.2647058823529412,0.3663337589217463
608,8.5,12.5,0.3025210084033613,0.3598672573198279
609,9.5,12.5,0.34033613445378147,0.39951832721272384
610,10.5,12.5,0.37815126050420167,0.389327225358943
611,11.5,12.5,0.4159663865546218,0.38073109897254187
612,12.5,12.5,0.45378151260504196,0.3847940008990458
613,13.5,12.5,0.49159663865546216,0.36777662471202416
614,14.5,12.5,0.5294117647058824,0.4110174516329002
615,15.5,12.5,0.5672268907563025,0.38296874068836223
616,16.5,12.5,0.6050420168067226,0.3827286814545313
617,17.5,12.5,0.6428571428571428,0.3901917530837064
618,18.5,12.5,0.6806722689075632,0.3872282140919899
619,19.5,12.5,0.7184873949579832,0.38411492475954967
620,20.5,12.5,0.7411764705882353,0.0
621,21.5,12.5,0.7411764705882353,0.005708570627392558
622,22.5,12.5,0.7411764705882353,0.022787679380806503
623,23.5,12.5,0.7411764705882353,0.016290436549424706
624,24.5,12.5,0.7411764705882353,0.019290410996055208
625,25.5,12.5,0.7411764705882353,0.0
626,26.5,12.5,0.7411764705882353,0.0
627,27.5,12.5,0.7411764705882353,0.0
628,28.5,12.5,0.7411764705882353,0.0006747209917494196
629,29.5,12.5,0.7411764705882353,0.013248544612896625
630,30.5,12.5,0.7411764705882353,0.0
631,31.5,12.5,0.7411764705882353,0.018519898302046887
632,32.5,12.5,0.7277996913050938,0.8975432623478748
633,33.5,12.5,0.6386211627508148,0.8942877278770323
634,34.5,12.5,0.5494426341965357,0.8872018046741871
635,35.5,12.5,0.46026410564225667,0.8794193165696175
636,36.5,12.5,0.43529411764705883,0.009967004881269465
637,37.5,12.5,0.43529411764705883,0.00088773888558363
638,38.5,12.5,0.43529411764705883,0.0
639,39.5,12.5,0.43529411764705883,0.0
640,40.5,12.5,0.43529411764705883,0.0
641,41.5,12.5,0.43529411764705883,0.020208625057322068
642,42.5,12.5,0.43529411764705883,0.0
643,43.5,12.5,0.43529411764705883,0.0
644,44.5,12.5,0.5198079231692677,0.965669915409723
645,45.5,12.5,0.6158463385354143,0.9653432336297022
646,46.5,12.5,0.7118847539015608,0.9359913038422857
647,47.5,12.5,0.8079231692677069,0.9679879830822677
648,48.5,12.5,0.9039615846338535,0.9658492181354458
649,49.5,12.5,1.0,0.9770751025467105
650,0.5,13.5,0.0,0.40379140685978343
651,1.5,13.5,0.037815126050420166,0.3950446471780327
652,2.5,13.5,0.07563025210084033,0.37814839953405405
653,3.5,13.5,0.11344537815126049,0.3680062316710836
654,4.5,13.5,0.1512605042016807,0.4125625357574189
655,5.5,13.5,0.18907563025210086,0.3821211427003879
656,6.5,13.5,0.22689075630252103,0.3815727787170419
657,7.5,13.5,0.2647058823529412,0.38111201373238746
658,8.5,13.5,0.3025210084033613,0.38380254553905757
659,9.5,13.5,0.34033613445378147,0.379656196320213
660,10.5,13.5,0.37815126050420167,0.37445818368974215
661,11.5,13.5,0.4159663865546218,0.3747827170140253
662,12.5,13.5,0.45378151260504196,0.38100754311012586
663,13.5,13.5,0.49159663865546216,0.37482429817700996
664,14.5,13.5,0.5294117647058824,0.37277293715665455
665,15.5,13.5,0.5672268907563025,0.3826927862786487
666,16.5,13.5,0.6050420168067226,0.37831684058798914
667,17.5,13.5,0.6428571428571428,0.39961457033041314
668,18.5,13.5,0.6806722689075632,0.3493060008968073
669,19.5,13.5,0.7184873949579832,0.3946201604017188
670,20.5,13.5,0.7411764705882353,0.015087683449917946
671,21.5,13.5,0.7411764705882353,0.0
672,22.5,13.5,0.7411764705882353,0.0
673,23.5,13.5,0.7411764705882353,0.0
674,24.5,13.5,0.7411764705882353,0.0
675,25.5,13.5,0.7411764705882353,0.0
676,26.5,13.5,0.7411764705882353,0.0
677,27.5,13.5,0.7411764705882353,0.02121660856592939
678,28.5,13.5,0.7411764705882353,0.011329257013672144
679,29.5,13.5,0.7411764705882353,0.015396074745056977
680,30.5,13.5,0.7411764705882353,0.00873805396492099
681,31.5,13.5,0.7411764705882353,0.0
682,32.5,13.5,0.7277996913050938,0.8931055059106399
683,33.5,13.5,0.6386211627508148,0.9053818127803842
684,34.5,13.5,0.5494426341965357,0.8846588267921133
685,35.5,13.5,0.46026410564225667,0.9080894656492462
686,36.5,13.5,0.43529411764705883,0.0
687,37.5,13.5,0.43529411764705883,0.0
688,38.5,13.5,0.43529411764705883,0.008608351186902029
689,39.5,13.5,0.43529411764705883,0.0053791701020686165
690,40.5,13.5,0.43529411764705883,0.0
691,41.5,13.5,0.43529411764705883,0.01403724335424897
692,42.5,13.5,0.43529411764705883,0.0
693,43.5,13.5,0.43529411764705883,0.007457789819716371
694,44.5,13.5,0.5198079231692677,0.9758266989676344
695,45.5,13.5,0.6158463385354143,0.9648973798445202
696,46.5,13.5,0.7118847539015608,0.9725942295858682
697,47.5,13.5,0.8079231692677069,0.9534968215227388
698,48.5,13.5,0.9039615846338535,0.9798335703766288
699,49.5,13.5,1.0,0.9664065814600085
700,0.5,14.5,0.0,0.3750749563679957
701,1.5,14.5,0.037815126050420166,0.3941055962823647
702,2.5,14.5,0.07563025210084033,0.37287588106095265
703,3.5,14.5,0.11344537815126049,0.36435037765869743
704,4.5,14.5,0.1512605042016807,0.36255635102111194
705,5.5,14.5,0.18907563025210086,0.3887417312253642
706,6.5,14.5,0.22689075630252103,0.36590059705956784
707,7.5,14.5,0.2647058823529412,0.40265128807466427
708,8.5,14.5,0.3025210084033613,0.35619598039804035
709,9.5,14.5,0.34033613445378147,0.4019449298966844
710,10.5,14.5,0.37815126050420167,0.3839591356197465
711,11.5,14.5,0.4159663865546218,0.38023311303889284
712,12.5,14.5,0.45378151260504196,0.37480620490215427
713,13.5,14.5,0.49159663865546216,0.3862368888715356
714,14.5,14.5,0.5294117647058824,0.38094843840011666
715,15.5,14.5,0.5672268907563025,0.39476297542077243
716,16.5,14.5,0.6050420168067226,0.3827871979770074
717,17.5,14.5,0.6428571428571428,0.3832239857646884
718,18.5,14.5,0.6806722689075632,0.3770014807529986
719,19.5,14.5,0.7184873949579832,0.3807146204642341
720,20.5,14.5,0.7411764705882353,0.0037268845519781955
721,21.5,14.5,0.7411764705882353,0.0
722,22.5,14.5,0.7411764705882353,0.0
723,23.5,14.5,0.7411764705882353,0.008999491718401196
724,24.5,14.5,0.7411764705882353,0.002068850234740938
725,25.5,14.5,0.7411764705882353,0.0
726,26.5,14.5,0.7411764705882353,0.00022319930330779272
727,27.5,14.5,0.7411764705882353,0.004208542702420018
728,28.5,14.5,0.7411764705882353,0.0
729,29.5,14.5,0.7411764705882353,0.0
730,30.5,14.5,0.7411764705882353,0.002371307541308313
731,31.5,14.5,0.7411764705882353,0.0
732,32.5,14.5,0.7277996913050938,0.9043995844946765
733,33.5,14.5,0.6386211627508148,0.8788414356575952
734,34.5,14.5,0.5494426341965357,0.9119175184105324
735,35.5,14.5,0.46026410564225667,0.9051786747798167
736,36.5,14.5,0.43529411764705883,0.003100025269822553
737,37.5,14.5,0.43529411764705883,0.011898488629930912
738,38.5,14.5,0.43529411764705883,0.020165676763731478
739,39.5,14.5,0.43529411764705883,0.012282061077533716
740,40.5,14.5,0.43529411764705883,0.0
741,41.5,14.5,0.43529411764705883,0.0
742,42.5,14.5,0.43529411764705883,0.0
743,43.5,14.5,0.43529411764705883,0.0003159121935057615
744,44.5,14.5,0.5198079231692677,0.9749132392740312
745,45.5,14.5,0.6158463385354143,0.9598580340060622
746,46.5,14.5,0.7118847539015608,0.9709067735488183
747,47.5,14.5,0.8079231692677069,0.9594991615542313
748,48.5,14.5,0.9039615846338535,0.9612410902316239
749,49.5,14.5,1.0,0.951613441666936
750,0.5,15.5,0.0,0.37022555157724196
751,1.5,15.5,0.037815126050420166,0.36503783365488623
752,2.5,15.5,0.07563025210084033,0.36958818282814077
753,3.5,15.5,0.11344537815126049,0.3941616877613067
754,4.5,15.5,0.1512605042016807,0.36990873621258696
755,5.5,15.5,0.18907563025210086,0.4132771812765957
756,6.5,15.5,0.22689075630252103,0.387377248287142
757,7.5,15.5,0.2647058823529412,0.38364213014891935
758,8.5,15.5,0.3025210084033613,0.3710110680888536
759,9.5,15.5,0.34033613445378147,0.3898835211066004
760,10.5,15.5,0.37815126050420167,0.37443426033586535
761,11.5,15.5,0.4159663865546218,0.3828814249668236
762,12.5,15.5,0.45378151260504196,0.4124017979547616
763,13.5,15.5,0.49159663865546216,0.38024102217555533
764,14.5,15.5,0.5294117647058824,0.39531960076459083
765,15.5,15.5,0.5672268907563025,0.37289001438937
766,16.5,15.5,0.6050420168067226,0.38098047891252884
767,17.5,15.5,0.6428571428571428,0.40284509529370377
768,18.5,15.5,0.6806722689075632,0.37381276254260326
769,19.5,15.5,0.7184873949579832,0.4033493711431554
770,20.5,15.5,0.7411764705882353,0.008569508110288606
771,21.5,15.5,0.7411764705882353,0.0
772,22.5,15.5,0.7411764705882353,0.007657235504920074
773,23.5,15.5,0.7411764705882353,0.011775754789578874
774,24.5,15.5,0.7411764705882353,0.007528916909071085
775,25.5,15.5,0.7411764705882353,0.0
776,26.5,15.5,0.7411764705882353,0.0
777,27.5,15.5,0.7411764705882353,0.0
778,28.5,15.5,0.7411764705882353,0.0
779,29.5,15.5,0.7411764705882353,0.007515139567039706
780,30.5,15.5,0.7411764705882353,0.0021516156896468444
781,31.5,15.5,0.7411764705882353,0.0
782,32.5,15.5,0.7277996913050938,0.9040598938186232
783,33.5,15.5,0.6386211627508148,0.9068494459619965
784,34.5,15.5,0.5494426341965357,0.9062344130798268
785,35.5,15.5,0.46026410564225667,0.9125425984563932
786,36.5,15.5,0.43529411764705883,0.010097185622187189
787,37.5,15.5,0.43529411764705883,0.0055597833307212486
788,38.5,15.5,0.43529411764705883,0.0
789,39.5,15.5,0.43529411764705883,0.0
790,40.5,15.5,0.43529411764705883,0.005201846337325986
791,41.5,15.5,0.43529411764705883,0.00251469650648992
792,42.5,15.5,0.43529411764705883,0.003288294854934963
793,43.5,15.5,0.43529411764705883,0.0
794,44.5,15.5,0.5198079231692677,0.9555558835697808
795,45.5,15.5,0.6158463385354143,0.9813970346744387
796,46.5,15.5,0.7118847539015608,0.9681664525160699
797,47.5,15.5,0.8079231692677069,0.97689704533473
798,48.5,15.5,0.9039615846338535,0.9689882697892706
799,49.5,15.5,1.0,0.9690056783249485
800,0.5,16.5,0.0,0.3927649254399685
801,1.5,16.5,0.037815126050420166,0.3751558175810516
802,2.5,16.5,0.07563025210084033,0.38256795875436833
803,3.5,16.5,0.11344537815126049,0.37580686157668647
804,4.5,16.5,0.1512605042016807,0.37614321232183795
805,5.5,16.5,0.18907563025210086,0.3776606450147493
806,6.5,16.5,0.22689075630252103,0.38409373258263224
807,7.5,16.5,0.2647058823529412,0.37560740135153
808,8.5,16.5,0.3025210084033613,0.39660890167129365
809,9.5,16.5,0.34033613445378147,0.370572156434163
810,10.5,16.5,0.37815126050420167,0.3791414674566283
811,11.5,16.5,0.4159663865546218,0.3760798286373602
812,12.5,16.5,0.45378151260504196,0.39892422760774077
813,13.5,16.5,0.49159663865546216,0.3837840203866193
814,14.5,16.5,0.5294117647058824,0.3938977651035377
815,15.5,16.5,0.5672268907563025,0.3634168568448853
816,16.5,16.5,0.6050420168067226,0.3846375845206344
817,17.5,16.5,0.6428571428571428,0.39217583151321606
818,18.5,16.5,0.6806722689075632,0.3824004219972217
819,19.5,16.5,0.7184873949579832,0.3943050300667298
820,20.5,16.5,0.7411764705882353,0.0
821,21.5,16.5,0.7411764705882353,0.017064473742643124
822,22.5,16.5,0.7411764705882353,0.027835213339832365
823,23.5,16.5,0.7411764705882353,0.0
824,24.5,16.5,0.7411764705882353,0.0
825,25.5,16.5,0.7411764705882353,0.01759767715225306
826,26.5,16.5,0.7411764705882353,0.01912556594411019
827,27.5,16.5,0.7411764705882353,0.0
828,28.5,16.5,0.7411764705882353,0.0
829,29.5,16.5,0.7411764705882353,0.0
830,30.5,16.5,0.7411764705882353,0.0
831,31.5,16.5,0.7411764705882353,0.0
832,32.5,16.5,0.7277996913050938,0.8872982285825844
833,33.5,16.5,0.6386211627508148,0.8901598879887579
834,34.5,16.5,0.5494426341965357,0.8990364656745765
835,35.5,16.5,0.46026410564225667,0.902292320386303
836,36.5,16.5,0.43529411764705883,0.01877356441226235
837,37.5,16.5,0.43529411764705883,0.0
838,38.5,16.5,0.43529411764705883,0.011918241906968932
839,39.5,16.5,0.43529411764705883,0.0
840,40.5,16.5,0.43529411764705883,0.0
841,41.5,16.5,0.43529411764705883,0.008170759868542033
842,42.5,16.5,0.43529411764705883,0.0
843,43.5,16.5,0.43529411764705883,0.004630242966794103
844,44.5,16.5,0.5198079231692677,0.9706608035331383
845,45.5,16.5,0.6158463385354143,0.9746080220607494
846,46.5,16.5,0.7118847539015608,0.9721466624029912
847,47.5,16.5,0.8079231692677069,0.9983743284721823
848,48.5,16.5,0.9039615846338535,0.9609235902945492
849,49.5,16.5,1.0,0.9622160420831574
850,0.5,17.5,0.0,0.37385909444213566
851,1.5,17.5,0.037815126050420166,0.37467836753525896
852,2.5,17.5,0.07563025210084033,0.3736865956389647
853,3.5,17.5,0.11344537815126049,0.3958008141657819
854,4.5,17.5,0.1512605042016807,0.39860368303533633
855,5.5,17.5,0.18907563025210086,0.3744934873407528
856,6.5,17.5,0.22689075630252103,0.37132590456372433
857,7.5,17.5,0.2647058823529412,0.3871120532245963
858,8.5,17.5,0.3025210084033613,0.3747177680930717
859,9.5,17.5,0.34033613445378147,0.38906770299735927
860,10.5,17.5,0.37815126050420167,0.3838611275180642
861,11.5,17.5,0.4159663865546218,0.3630513900638499
862,12.5,17.5,0.45378151260504196,0.4001414191334408
863,13.5,17.5,0.49159663865546216,0.4031487297525163
864,14.5,17.5,0.5294117647058824,0.37398443516899993
865,15.5,17.5,0.5672268907563025,0.3767098053081998
866,16.5,17.5,0.6050420168067226,0.38486539931981656
867,17.5,17.5,0.6428571428571428,0.385453747255176
868,18.5,17.5,0.6806722689075632,0.3893778203268119
869,19.5,17.5,0.7184873949579832,0.405743813879608
870,20.5,17.5,0.7411764705882353,0.0
871,21.5,17.5,0.7411764705882353,0.0
872,22.5,17.5,0.7411764705882353,0.0
873,23.5,17.5,0.7411764705882353,0.0
874,24.5,17.5,0.7411764705882353,0.0
875,25.5,17.5,0.7411764705882353,0.02172862749700715
876,26.5,17.5,0.7411764705882353,0.0
877,27.5,17.5,0.7411764705882353,0.0027096395933134975
878,28.5,17.5,0.7411764705882353,0.0
879,29.5,17.5,0.7411764705882353,0.01438914580780606
880,30.5,17.5,0.7411764705882353,0.030596268032441927
881,31.5,17.5,0.7411764705882353,0.0
882,32.5,17.5,0.7277996913050938,0.8935302668878696
883,33.5,17.5,0.6386211627508148,0.9120992028642676
884,34.5,17.5,0.5494426341965357,0.9077128207176793
885,35.5,17.5,0.46026410564225667,0.9218164893259623
886,36.5,17.5,0.43529411764705883,0.007070241802668664
887,37.5,17.5,0.43529411764705883,0.0
888,38.5,17.5,0.43529411764705883,0.007151688477886633
889,39.5,17.5,0.43529411764705883,0.013424257638514016
890,40.5,17.5,0.43529411764705883,0.009934453519499311
891,41.5,17.5,0.43529411764705883,0.006142108139789407
892,42.5,17.5,0.43529411764705883,0.012915368995199147
893,43.5,17.5,0.43529411764705883,0.014157909775549137
894,44.5,17.5,0.5198079231692677,0.9853806631523743
895,45.5,17.5,0.6158463385354143,0.9765000120010134
896,46.5,17.5,0.7118847539015608,0.9666219120095586
897,47.5,17.5,0.8079231692677069,0.9704218081817974
898,48.5,17.5,0.9039615846338535,0.9832538808231865
899,49.5,17.5,1.0,0.9587538768485181
900,0.5,18.5,0.0,0.38586804317077456
901,1.5,18.5,0.037815126050420166,0.37664154907639985
902,2.5,18.5,0.07563025210084033,0.3817521661646629
903,3.5,18.5,0.11344537815126049,0.39688370318414984
904,4.5,18.5,0.1512605042016807,0.3837179623007074
905,5.5,18.5,0.18907563025210086,0.3819663787653979
906,6.5,18.5,0.22689075630252103,0.36493889215423736
907,7.5,18.5,0.2647058823529412,0.39043981035904607
908,8.5,18.5,0.3025210084033613,0.3892196878587877
909,9.5,18.5,0.34033613445378147,0.40759695582381905
910,10.5,18.5,0.37815126050420167,0.37767752231077784
911,11.5,18.5,0.4159663865546218,0.3840576088420603
912,12.5,18.5,0.45378151260504196,0.38442367635366337
913,13.5,18.5,0.49159663865546216,0.40050403248448374
914,14.5,18.5,0.5294117647058824,0.38025027718676974
915,15.5,18.5,0.5672268907563025,0.38478253334192825
916,16.5,18.5,0.6050420168067226,0.3887645738013221
917,17.5,18.5,0.6428571428571428,0.3836635977458323
918,18.5,18.5,0.6806722689075632,0.37599867363446654
919,19.5,18.5,0.7184873949579832,0.3837541766205964
920,20.5,18.5,0.7411764705882353,0.012999605549599329
921,21.5,18.5,0.7411764705882353,0.0
922,22.5,18.5,0.7411764705882353,0.0016100057717126114
923,23.5,18.5,0.7411764705882353,0.0
924,24.5,18.5,0.7411764705882353,0.014469705084103938
925,25.5,18.5,0.7411764705882353,0.0
926,26.5,18.5,0.7411764705882353,0.0
927,27.5,18.5,0.7411764705882353,0.0045673067931383165
928,28.5,18.5,0.7411764705882353,0.018955470403258772
929,29.5,18.5,0.7411764705882353,0.0
930,30.5,18.5,0.7411764705882353,0.0
931,31.5,18.5,0.7411764705882353,0.022777176515841584
932,32.5,18.5,0.7277996913050938,0.8819237827798663
933,33.5,18.5,0.6386211627508148,0.8728331419882751
934,34.5,18.5,0.5494426341965357,0.9047841572291376
935,35.5,18.5,0.46026410564225667,0.8933775262595237
936,36.5,18.5,0.43529411764705883,0.0
937,37.5,18.5,0.43529411764705883,0.008576827580415584
938,38.5,18.5,0.43529411764705883,0.002951955465316949
939,39.5,18.5,0.43529411764705883,0.0
940,40.5,18.5,0.43529411764705883,0.0
941,41.5,18.5,0.43529411764705883,0.010563772101542739
942,42.5,18.5,0.43529411764705883,0.00787267966176615
943,43.5,18.5,0.43529411764705883,0.0
944,44.5,18.5,0.5198079231692677,0.9910045941253408
945,45.5,18.5,0.6158463385354143,0.9556887305494508
946,46.5,18.5,0.7118847539015608,0.950174227451061
947,47.5,18.5,0.8079231692677069,0.9602677194648556
948,48.5,18.5,0.9039615846338535,0.9680934304266812
949,49.5,18.5,1.0,0.9715917594277949
950,0.5,19.5,0.0,0.3784832194735232
951,1.5,19.5,0.037815126050420166,0.38566683236851823
952,2.5,19.5,0.07563025210084033,0.3662503982575868
953,3.5,19.5,0.11344537815126049,0.39888532099366514
954,4.5,19.5,0.1512605042016807,0.38040942991038185
955,5.5,19.5,0.18907563025210086,0.3949324151047299
956,6.5,19.5,0.22689075630252103,0.38555386349295756
957,7.5,19.5,0.2647058823529412,0.38693452065769507
958,8.5,19.5,0.3025210084033613,0.38830290252211896
959,9.5,19.5,0.34033613445378147,0.3868250073156017
960,10.5,19.5,0.37815126050420167,0.38918625238399207
961,11.5,19.5,0.4159663865546218,0.3974975902818431
962,12.5,19.5,0.45378151260504196,0.38378361347309875
963,13.5,19.5,0.49159663865546216,0.3899887871692376
964,14.5,19.5,0.5294117647058824,0.3803175960810047
965,15.5,19.5,0.5672268907563025,0.398841158166632
966,16.5,19.5,0.6050420168067226,0.3732143183557005
967,17.5,19.5,0.6428571428571428,0.4032100299893991
968,18.5,19.5,0.6806722689075632,0.38091788674070326
969,19.5,19.5,0.7184873949579832,0.36408020059549867
970,20.5,19.5,0.7411764705882353,0.001551096885147052
971,21.5,19.5,0.7411764705882353,0.0
972,22.5,19.5,0.7411764705882353,0.010178568718833075
973,23.5,19.5,0.7411764705882353,0.0
974,24.5,19.5,0.7411764705882353,0.0
975,25.5,19.5,0.7411764705882353,0.0
976,26.5,19.5,0.7411764705882353,0.0
977,27.5,19.5,0.7411764705882353,0.0
978,28.5,19.5,0.7411764705882353,0.0
979,29.5,19.5,0.7411764705882353,0.009207151879870519
980,30.5,19.5,0.7411764705882353,0.009514521254245317
981,31.5,19.5,0.7411764705882353,0.005151468817889567
982,32.5,19.5,0.7277996913050938,0.8877482203489042
983,33.5,19.5,0.6386211627508148,0.8988787403135302
984,34.5,19.5,0.5494426341965357,0.8994128128415253
985,35.5,19.5,0.46026410564225667,0.8854308749406635
986,36.5,19.5,0.43529411764705883,0.01820324791015454
987,37.5,19.5,0.43529411764705883,0.010623161715426486
988,38.5,19.5,0.43529411764705883,0.0
989,39.5,19.5,0.43529411764705883,0.00032553554963756014
990,40.5,19.5,0.43529411764705883,0.0025231130757728667
991,41.5,19.5,0.43529411764705883,0.0
992,42.5,19.5,0.43529411764705883,0.0
993,43.5,19.5,0.43529411764705883,0.0
994,44.5,19.5,0.5198079231692677,0.9565177064322633
995,45.5,19.5,0.6158463385354143,0.9652418077016686
996,46.5,19.5,0.7118847539015608,0.990411898546874
997,47.5,19.5,0.8079231692677069,0.976404757516358
998,48.5,19.5,0.9039615846338535,0.9617295152992752
999,49.5,19.5,1.0,0.975578259870642
1000,0.5,20.5,0.0,0.398347611802237
1001,1.5,20.5,0.037815126050420166,0.3925996488304176
1002,2.5,20.5,0.07563025210084033,0.38212613044808286
1003,3.5,20.5,0.11344537815126049,0.37357096782864657
1004,4.5,20.5,0.1512605042016807,0.38985825682740816
1005,5.5,20.5,0.18907563025210086,0.3861684694650155
1006,6.5,20.5,0.22689075630252103,0.39224318172261524
1007,7.5,20.5,0.2647058823529412,0.3890948248736313
1008,8.5,20.5,0.3025210084033613,0.3941121768896013
1009,9.5,20.5,0.34033613445378147,0.37492345791598974
1010,10.5,20.5,0.37815126050420167,0.39735521800162293
1011,11.5,20.5,0.4159663865546218,0.38379667123661476
1012,12.5,20.5,0.45378151260504196,0.4065315203523156
1013,13.5,20.5,0.49159663865546216,0.3730593893855359
1014,14.5,20.5,0.5294117647058824,0.4024232885794649
1015,15.5,20.5,0.5672268907563025,0.38380043901026106
1016,16.5,20.5,0.6050420168067226,0.37351670884359645
1017,17.5,20.5,0.6428571428571428,0.3755451996378472
1018,18.5,20.5,0.6806722689075632,0.3775253351252903
1019,19.5,20.5,0.7184873949579832,0.38653995176406203
1020,20.5,20.5,0.7411764705882353,0.006330527308531507
1021,21.5,20.5,0.7411764705882353,0.0
1022,22.5,20.5,0.7411764705882353,0.0
1023,23.5,20.5,0.7411764705882353,0.025938753810317426
1024,24.5,20.5,0.7411764705882353,0.020917209074849737
1025,25.5,20.5,0.7411764705882353,0.005283036384176345
1026,26.5,20.5,0.7411764705882353,0.00046014867366202527
1027,27.5,20.5,0.7411764705882353,0.0014533473894901858
1028,28.5,20.5,0.7411764705882353,0.0074285169417977245
1029,29.5,20.5,0.7411764705882353,0.0
1030,30.5,20.5,0.7411764705882353,0.0
1031,31.5,20.5,0.7411764705882353,0.0
1032,32.5,20.5,0.7277996913050938,0.9042902530887337
1033,33.5,20.5,0.6386211627508148,0.9072927246621674
1034,34.5,20.5,0.5494426341965357,0.89360597839344
1035,35.5,20.5,0.46026410564225667,0.9185143703847835
1036,36.5,20.5,0.43529411764705883,0.0
1037,37.5,20.5,0.43529411764705883,0.0
1038,38.5,20.5,0.43529411764705883,0.002717677738713454
1039,39.5,20.5,0.43529411764705883,0.012678336782971311
1040,40.5,20.5,0.43529411764705883,0.020389109921403515
1041,41.5,20.5,0.43529411764705883,0.0
1042,42.5,20.5,0.43529411764705883,0.013060740193601187
1043,43.5,20.5,0.43529411764705883,0.0
1044,44.5,20.5,0.5198079231692677,0.9665552060072379
1045,45.5,20.5,0.6158463385354143,0.9793448030319409
1046,46.5,20.5,0.7118847539015608,0.9765437583372871
1047,47.5,20.5,0.8079231692677069,0.9495583265573355
1048,48.5,20.5,0.9039615846338535,0.9865234390011179
1049,49.5,20.5,1.0,0.9853556280656285
1050,0.5,21.5,0.0,0.373829766583046
1051,1.5,21.5,0.037815126050420166,0.3861965377573581
1052,2.5,21.5,0.07563025210084033,0.3873858726867688
1053,3.5,21.5,0.11344537815126049,0.3845603774284295
1054,4.5,21.5,0.1512605042016807,0.37474099003967315
1055,5.5,21.5,0.18907563025210086,0.37327206093116644
1056,6.5,21.5,0.22689075630252103,0.3810947114993056
1057,7.5,21.5,0.2647058823529412,0.39560360387514554
1058,8.5,21.5,0.3025210084033613,0.3879860692022192
1059,9.5,21.5,0.34033613445378147,0.37691669861390653
1060,10.5,21.5,0.37815126050420167,0.3907479018841619
1061,11.5,21.5,0.4159663865546218,0.3469137759772832
1062,12.5,21.5,0.45378151260504196,0.3953134543958345
1063,13.5,21.5,0.49159663865546216,0.36033955028768094
1064,14.5,21.5,0.5294117647058824,0.3770156625788743
1065,15.5,21.5,0.5672268907563025,0.36784708340470545
1066,16.5,21.5,0.6050420168067226,0.3657280313916285
1067,17.5,21.5,0.6428571428571428,0.3954594908497706
1068,18.5,21.5,0.6806722689075632,0.3757411642613266
1069,19.5,21.5,0.7184873949579832,0.38559961425352834
1070,20.5,21.5,0.7411764705882353,0.0
1071,21.5,21.5,0.7411764705882353,0.005776042470581843
1072,22.5,21.5,0.7411764705882353,0.0009301646318563564
1073,23.5,21.5,0.7411764705882353,0.0
1074,24.5,21.5,0.7411764705882353,0.01206286576068402
1075,25.5,21.5,0.7411764705882353,0.0
1076,26.5,21.5,0.7411764705882353,0.0
1077,27.5,21.5,0.7411764705882353,0.0
1078,28.5,21.5,0.7411764705882353,0.018171300639621954
1079,29.5,21.5,0.7411764705882353,0.010294542126396834
1080,30.5,21.5,0.7411764705882353,0.0
1081,31.5,21.5,0.7411764705882353,0.0
1082,32.5,21.5,0.7277996913050938,0.8955620537614288
1083,33.5,21.5,0.6386211627508148,0.9246018371071059
1084,34.5,21.5,0.5494426341965357,0.904080932811177
1085,35.5,21.5,0.46026410564225667,0.9046634058602904
1086,36.5,21.5,0.43529411764705883,0.012474741463674123
1087,37.5,21.5,0.43529411764705883,0.0028912752228784774
1088,38.5,21.5,0.43529411764705883,0.0
1089,39.5,21.5,0.43529411764705883,0.0
1090,40.5,21.5,0.43529411764705883,0.0
1091,41.5,21.5,0.43529411764705883,0.0
1092,42.5,21.5,0.43529411764705883,0.00881018752915154
1093,43.5,21.5,0.43529411764705883,0.0006289642845487953
1094,44.5,21.5,0.5198079231692677,0.9775162443907345
1095,45.5,21.5,0.6158463385354143,0.9676680671942834
1096,46.5,21.5,0.7118847539015608,0.9695975091648862
1097,47.5,21.5,0.8079231692677069,0.9444510404917961
1098,48.5,21.5,0.9039615846338535,0.9797403461947237
1099,49.5,21.5,1.0,0.9728406947899236
1100,0.5,22.5,0.0,0.3934880955506926
1101,1.5,22.5,0.037815126050420166,0.34633606669468964
1102,2.5,22.5,0.07563025210084033,0.4066903035154461
1103,3.5,22.5,0.11344537815126049,0.37971396129147056
1104,4.5,22.5,0.1512605042016807,0.39482207410704506
1105,5.5,22.5,0.18907563025210086,0.3688128708961665
1106,6.5,22.5,0.22689075630252103,0.38882362963260425
1107,7.5,22.5,0.2647058823529412,0.36864929531284146
1108,8.5,22.5,0.3025210084033613,0.3738514853176239
1109,9.5,22.5,0.34033613445378147,0.4045793424783977
1110,10.5,22.5,0.37815126050420167,0.3790953265589901
1111,11.5,22.5,0.4159663865546218,0.38403681378747373
1112,12.5,22.5,0.45378151260504196,0.39193896060517397
1113,13.5,22.5,0.49159663865546216,0.3874058716020778
1114,14.5,22.5,0.5294117647058824,0.38322540414827744
1115,15.5,22.5,0.5672268907563025,0.3858230943148423
1116,16.5,22.5,0.6050420168067226,0.4105048397180225
1117,17.5,22.5,0.6428571428571428,0.3807064696364196
1118,18.5,22.5,0.6806722689075632,0.38383904271635444
1119,19.5,22.5,0.7184873949579832,0.3941255161135867
1120,20.5,22.5,0.7411764705882353,0.013385782467017805
1121,21.5,22.5,0.7411764705882353,0.0143726429008091
1122,22.5,22.5,0.7411764705882353,0.007733788554662148
1123,23.5,22.5,0.7411764705882353,0.0
1124,24.5,22.5,0.7411764705882353,0.019777699024796213
1125,25.5,22.5,0.7411764705882353,0.0
1126,26.5,22.5,0.7411764705882353,0.003664330599333294
1127,27.5,22.5,0.7411764705882353,0.0
1128,28.5,22.5,0.7411764705882353,0.0
1129,29.5,22.5,0.7411764705882353,0.003980677410144566
1130,30.5,22.5,0.7411764705882353,0.003891014812031021
1131,31.5,22.5,0.7411764705882353,0.005108644913830573
1132,32.5,22.5,0.7277996913050938,0.9189953573766981
1133,33.5,22.5,0.6386211627508148,0.9049478565014857
1134,34.5,22.5,0.5494426341965357,0.8965001676404591
1135,35.5,22.5,0.46026410564225667,0.9111296650042676
1136,36.5,22.5,0.43529411764705883,0.014402188805359914
1137,37.5,22.5,0.43529411764705883,0.0
1138,38.5,22.5,0.43529411764705883,0.007233360287981014
1139,39.5,22.5,0.43529411764705883,0.008489846796504526
1140,40.5,22.5,0.43529411764705883,0.0
1141,41.5,22.5,0.43529411764705883,0.01665715076634343
1142,42.5,22.5,0.43529411764705883,0.0
1143,43.5,22.5,0.43529411764705883,0.0015204881577513684
1144,44.5,22.5,0.5198079231692677,0.9665498236765481
1145,45.5,22.5,0.6158463385354143,0.9688340211410491
1146,46.5,22.5,0.7118847539015608,0.9553716163837607
1147,47.5,22.5,0.8079231692677069,0.9512091558919101
1148,48.5,22.5,0.9039615846338535,0.9879517636985383
1149,49.5,22.5,1.0,0.9583903239247948
1150,0.5,23.5,0.0,0.3694002765625823
1151,1.5,23.5,0.037815126050420166,0.35533072935945315
1152,2.5,23.5,0.07563025210084033,0.37366753002929753
1153,3.5,23.5,0.11344537815126049,0.3653840615673097
1154,4.5,23.5,0.1512605042016807,0.40128575208108946
1155,5.5,23.5,0.18907563025210086,0.3936310552536068
1156,6.5,23.5,0.22689075630252103,0.3730719511774534
1157,7.5,23.5,0.2647058823529412,0.40867676637258765
1158,8.5,23.5,0.3025210084033613,0.39329140456270584
1159,9.5,23.5,0.34033613445378147,0.37747104163932715
1160,10.5,23.5,0.37815126050420167,0.3511411491508456
1161,11.5,23.5,0.4159663865546218,0.4091430089043116
1162,12.5,23.5,0.45378151260504196,0.3645790848798744
1163,13.5,23.5,0.49159663865546216,0.361481523046249
1164,14.5,23.5,0.5294117647058824,0.39378547358569904
1165,15.5,23.5,0.5672268907563025,0.41094480839564496
1166,16.5,23.5,0.6050420168067226,0.39816499044668846
1167,17.5,23.5,0.6428571428571428,0.3882319715240423
1168,18.5,23.5,0.6806722689075632,0.3886054475451365
1169,19.5,23.5,0.7184873949579832,0.391737334985978
1170,20.5,23.5,0.7411764705882353,0.00918915848830868
1171,21.5,23.5,0.7411764705882353,0.003404684703120476
1172,22.5,23.5,0.7411764705882353,0.0012616739858746788
1173,23.5,23.5,0.7411764705882353,0.0
1174,24.5,23.5,0.7411764705882353,0.0
1175,25.5,23.5,0.7411764705882353,0.0
1176,26.5,23.5,0.7411764705882353,0.0
1177,27.5,23.5,0.7411764705882353,0.0
1178,28.5,23.5,0.7411764705882353,0.0
1179,29.5,23.5,0.7411764705882353,0.0
1180,30.5,23.5,0.7411764705882353,0.0021781705002489535
1181,31.5,23.5,0.7411764705882353,0.016854457451527187
1182,32.5,23.5,0.7277996913050938,0.9105754719530326
1183,33.5,23.5,0.6386211627508148,0.8804407055264514
1184,34.5,23.5,0.5494426341965357,0.8874739484862945
1185,35.5,23.5,0.46026410564225667,0.9108473535441756
1186,36.5,23.5,0.43529411764705883,0.0
1187,37.5,23.5,0.43529411764705883,0.0
1188,38.5,23.5,0.43529411764705883,0.006660067867760294
1189,39.5,23.5,0.43529411764705883,0.0
1190,40.5,23.5,0.43529411764705883,0.0012758937267510714
1191,41.5,23.5,0.43529411764705883,0.0
1192,42.5,23.5,0.43529411764705883,0.0
1193,43.5,23.5,0.43529411764705883,0.00387194119984239
1194,44.5,23.5,0.5198079231692677,0.949357313550179
1195,45.5,23.5,0.6158463385354143,0.9739786867821053
1196,46.5,23.5,0.7118847539015608,0.9684076131912408
1197,47.5,23.5,0.8079231692677069,0.9753349745685657
1198,48.5,23.5,0.9039615846338535,0.9713565564021166
1199,49.5,23.5,1.0,0.9851624932012436
1200,0.5,24.5,0.0,0.38292034862573243
1201,1.5,24.5,0.037815126050420166,0.3762048506945774
1202,2.5,24.5,0.07563025210084033,0.3828849083172061
1203,3.5,24.5,0.11344537815126049,0.38798241104562486
1204,4.5,24.5,0.1512605042016807,0.38199572293508094
1205,5.5,24.5,0.18907563025210086,0.38189560884369694
1206,6.5,24.5,0.22689075630252103,0.3729043592685165
1207,7.5,24.5,0.2647058823529412,0.3733776729480034
1208,8.5,24.5,0.3025210084033613,0.36442128279857766
1209,9.5,24.5,0.34033613445378147,0.4025881149742464
1210,10.5,24.5,0.37815126050420167,0.3663433420686384
1211,11.5,24.5,0.4159663865546218,0.37301437910164037
1212,12.5,24.5,0.45378151260504196,0.37270559834716355
1213,13.5,24.5,0.49159663865546216,0.39223992655243856
1214,14.5,24.5,0.5294117647058824,0.37783285133898986
1215,15.5,24.5,0.5672268907563025,0.3965118669790725
1216,16.5,24.5,0.6050420168067226,0.37324945206615306
1217,17.5,24.5,0.6428571428571428,0.3847822020221291
1218,18.5,24.5,0.6806722689075632,0.371289683520474
1219,19.5,24.5,0.7184873949579832,0.40737773205348227
1220,20.5,24.5,0.7411764705882353,0.0
1221,21.5,24.5,0.7411764705882353,0.0037513300296625114
1222,22.5,24.5,0.7411764705882353,0.007673813166990213
1223,23.5,24.5,0.7411764705882353,0.0050103073463990564
1224,24.5,24.5,0.7411764705882353,0.0
1225,25.5,24.5,0.7411764705882353,0.0
1226,26.5,24.5,0.7411764705882353,0.0005304722539642997
1227,27.5,24.5,0.7411764705882353,0.0
1228,28.5,24.5,0.7411764705882353,0.011670713275260878
1229,29.5,24.5,0.7411764705882353,0.02676516140916764
1230,30.5,24.5,0.7411764705882353,0.0
1231,31.5,24.5,0.7411764705882353,0.0
1232,32.5,24.5,0.7277996913050938,0.8983875076393254
1233,33.5,24.5,0.6386211627508148,0.9306917270631
1234,34.5,24.5,0.5494426341965357,0.8897254868211695
1235,35.5,24.5,0.46026410564225667,0.9193029693224936
1236,36.5,24.5,0.43529411764705883,0.02031371447061244
1237,37.5,24.5,0.43529411764705883,0.0
1238,38.5,24.5,0.43529411764705883,0.006889285450780578
1239,39.5,24.5,0.43529411764705883,0.01971673600537185
1240,40.5,24.5,0.43529411764705883,0.0
1241,41.5,24.5,0.43529411764705883,0.0
1242,42.5,24.5,0.43529411764705883,0.0
1243,43.5,24.5,0.43529411764705883,0.0
1244,44.5,24.5,0.5198079231692677,0.9607838927310084
1245,45.5,24.5,0.6158463385354143,0.9538258377861111
1246,46.5,24.5,0.7118847539015608,0.9690580739131155
1247,47.5,24.5,0.8079231692677069,0.9593225012346712
1248,48.5,24.5,0.9039615846338535,0.9714760845518098
1249,49.5,24.5,1.0,0.9498064996905592
1250,0.5,25.5,0.0,0.38541044205276587
1251,1.5,25.5,0.037815126050420166,0.3914965467278476
1252,2.5,25.5,0.07563025210084033,0.3572638364493899
1253,3.5,25.5,0.11344537815126049,0.3859332240572738
1254,4.5,25.5,0.1512605042016807,0.3962688207717167
1255,5.5,25.5,0.18907563025210086,0.36675770697374427
1256,6.5,25.5,0.22689075630252103,0.4016557410403941
1257,7.5,25.5,0.2647058823529412,0.38647763230372223
1258,8.5,25.5,0.3025210084033613,0.3728677908714981
1259,9.5,25.5,0.34033613445378147,0.3807288661632241
1260,10.5,25.5,0.37815126050420167,0.388164381779231
1261,11.5,25.5,0.4159663865546218,0.38232440031135556
1262,12.5,25.5,0.45378151260504196,0.3879274157606166
1263,13.5,25.5,0.49159663865546216,0.3702565440285467
1264,14.5,25.5,0.5294117647058824,0.38345475417819896
1265,15.5,25.5,0.5672268907563025,0.36428677155279443
1266,16.5,25.5,0.6050420168067226,0.3800573892691183
1267,17.5,25.5,0.6428571428571428,0.3704595473000889
1268,18.5,25.5,0.6806722689075632,0.3724982758203757
1269,19.5,25.5,0.7184873949579832,0.396370821343756
1270,20.5,25.5,0.7411764705882353,0.01321365645330822
1271,21.5,25.5,0.7411764705882353,0.0073754854008850745
1272,22.5,25.5,0.7411764705882353,0.0
1273,23.5,25.5,0.7411764705882353,0.0
1274,24.5,25.5,0.7411764705882353,0.014688268668391447
1275,25.5,25.5,0.7411764705882353,0.0017159179367283188
1276,26.5,25.5,0.7411764705882353,0.028082598305455904
1277,27.5,25.5,0.7411764705882353,0.0047623188941788505
1278,28.5,25.5,0.7411764705882353,0.0023253436393302833
1279,29.5,25.5,0.7411764705882353,0.0
1280,30.5,25.5,0.7411764705882353,0.001616922270725517
1281,31.5,25.5,0.7411764705882353,0.0
1282,32.5,25.5,0.7277996913050938,0.9080302601848137
1283,33.5,25.5,0.6386211627508148,0.9110402487250548
1284,34.5,25.5,0.5494426341965357,0.8899396192936262
1285,35.5,25.5,0.46026410564225667,0.8833377743509265
1286,36.5,25.5,0.43529411764705883,0.0
1287,37.5,25.5,0.43529411764705883,0.006150793205718015
1288,38.5,25.5,0.43529411764705883,0.0
1289,39.5,25.5,0.43529411764705883,0.0
1290,40.5,25.5,0.43529411764705883,0.004704935919206979
1291,41.5,25.5,0.43529411764705883,0.030185406091241797
1292,42.5,25.5,0.43529411764705883,0.0
1293,43.5,25.5,0.43529411764705883,0.010152502779722253
1294,44.5,25.5,0.5198079231692677,0.9696361843689995
1295,45.5,25.5,0.6158463385354143,0.96744802640122
1296,46.5,25.5,0.7118847539015608,0.979773628950608
1297,47.5,25.5,0.8079231692677069,0.9651307252488969
1298,48.5,25.5,0.9039615846338535,0.9718829931344343
1299,49.5,25.5,1.0,0.9725405276912155
1300,0.5,26.5,0.0,0.37331483769544643
1301,1.5,26.5,0.037815126050420166,0.3934158375067004
1302,2.5,26.5,0.07563025210084033,0.37928569739249235
1303,3.5,26.5,0.11344537815126049,0.37225350861238415
1304,4.5,26.5,0.1512605042016807,0.38790021923873497
1305,5.5,26.5,0.18907563025210086,0.37052541106586095
1306,6.5,26.5,0.22689075630252103,0.3817453412640237
1307,7.5,26.5,0.2647058823529412,0.38129370848659205
1308,8.5,26.5,0.3025210084033613,0.3945522185717413
1309,9.5,26.5,0.34033613445378147,0.3871518000927088
1310,10.5,26.5,0.37815126050420167,0.38110109380987706
1311,11.5,26.5,0.4159663865546218,0.3913056913495672
1312,12.5,26.5,0.45378151260504196,0.3982368485633074
1313,13.5,26.5,0.49159663865546216,0.38815812667692656
1314,14.5,26.5,0.5294117647058824,0.38152947213067645
1315,15.5,26.5,0.5672268907563025,0.36552032044277777
1316,16.5,26.5,0.6050420168067226,0.36850765393135504
1317,17.5,26.5,0.6428571428571428,0.37770844063127407
1318,18.5,26.5,0.6806722689075632,0.37402410711035206
1319,19.5,26.5,0.7184873949579832,0.379140260780873
1320,20.5,26.5,0.7411764705882353,0.0006859211067230499
1321,21.5,26.5,0.7411764705882353,0.006413555551070161
1322,22.5,26.5,0.7411764705882353,0.0
1323,23.5,26.5,0.7411764705882353,0.005890594675314247
1324,24.5,26.5,0.7411764705882353,0.0007806605576653994
1325,25.5,26.5,0.7411764705882353,0.0
1326,26.5,26.5,0.7411764705882353,0.0
1327,27.5,26.5,0.7411764705882353,0.0
1328,28.5,26.5,0.7411764705882353,0.0
1329,29.5,26.5,0.7411764705882353,0.007263977475369325
1330,30.5,26.5,0.7411764705882353,0.018534434192904566
1331,31.5,26.5,0.7411764705882353,0.014756850598944857
1332,32.5,26.5,0.7277996913050938,0.8968720519684193
1333,33.5,26.5,0.6386211627508148,0.9175062451113547
1334,34.5,26.5,0.5494426341965357,0.9012565082138934
1335,35.5,26.5,0.46026410564225667,0.8953749729823278
1336,36.5,26.5,0.43529411764705883,0.0
1337,37.5,26.5,0.43529411764705883,0.0
1338,38.5,26.5,0.43529411764705883,0.0
1339,39.5,26.5,0.43529411764705883,0.00206341110015002
1340,40.5,26.5,0.43529411764705883,0.001944240579183425
1341,41.5,26.5,0.43529411764705883,3.688141720444645e-05
1342,42.5,26.5,0.43529411764705883,0.005290476792446102
1343,43.5,26.5,0.43529411764705883,0.01441642529977702
1344,44.5,26.5,0.5198079231692677,0.9801426544195603
1345,45.5,26.5,0.6158463385354143,0.9506661443553678
1346,46.5,26.5,0.7118847539015608,0.9377223398441138
1347,47.5,26.5,0.8079231692677069,0.9799581974067094
1348,48.5,26.5,0.9039615846338535,0.9520951296269939
1349,49.5,26.5,1.0,0.9659239143566626
1350,0.5,27.5,0.0,0.3672363145712378
1351,1.5,27.5,0.037815126050420166,0.35958562138850986
1352,2.5,27.5,0.07563025210084033,0.3879601890995258
1353,3.5,27.5,0.11344537815126049,0.39059602373162816
1354,4.5,27.5,0.1512605042016807,0.3744236951451889
1355,5.5,27.5,0.18907563025210086,0.35003160730040855
1356,6.5,27.5,0.22689075630252103,0.3747901573365309
1357,7.5,27.5,0.2647058823529412,0.3861481112024671
1358,8.5,27.5,0.3025210084033613,0.3634973610146441
1359,9.5,27.5,0.34033613445378147,0.3836242561724673
1360,10.5,27.5,0.37815126050420167,0.3812187492271434
1361,11.5,27.5,0.4159663865546218,0.3884182224118107
1362,12.5,27.5,0.45378151260504196,0.38285200906820305
1363,13.5,27.5,0.49159663865546216,0.369622137627887
1364,14.5,27.5,0.5294117647058824,0.3958922902581911
1365,15.5,27.5,0.5672268907563025,0.3794846351632448
1366,16.5,27.5,0.6050420168067226,0.38107351670868833
1367,17.5,27.5,0.6428571428571428,0.37010405059670803
1368,18.5,27.5,0.6806722689075632,0.3760368305543006
1369,19.5,27.5,0.7184873949579832,0.3706908710484586
1370,20.5,27.5,0.7411764705882353,0.0
1371,21.5,27.5,0.7411764705882353,0.020725481582172783
1372,22.5,27.5,0.7411764705882353,0.0
1373,23.5,27.5,0.7411764705882353,0.0
1374,24.5,27.5,0.7411764705882353,0.017813029426700225
1375,25.5,27.5,0.7411764705882353,0.0
1376,26.5,27.5,0.7411764705882353,0.0
1377,27.5,27.5,0.7411764705882353,0.012591236005356618
1378,28.5,27.5,0.7411764705882353,0.0
1379,29.5,27.5,0.7411764705882353,0.02210944861582884
1380,30.5,27.5,0.7411764705882353,0.00820837211681749
1381,31.5,27.5,0.7411764705882353,0.0
1382,32.5,27.5,0.7277996913050938,0.9255772657950918
1383,33.5,27.5,0.6386211627508148,0.8921223955375727
1384,34.5,27.5,0.5494426341965357,0.9084417733810443
1385,35.5,27.5,0.46026410564225667,0.9030802873521058
1386,36.5,27.5,0.43529411764705883,0.015761571220319643
1387,37.5,27.5,0.43529411764705883,0.018906882756944507
1388,38.5,27.5,0.43529411764705883,0.0003875083927611898
1389,39.5,27.5,0.43529411764705883,0.0
1390,40.5,27.5,0.43529411764705883,0.005569373691485387
1391,41.5,27.5,0.43529411764705883,0.0
1392,42.5,27.5,0.43529411764705883,0.024378228419435356
1393,43.5,27.5,0.43529411764705883,0.0016531789860828514
1394,44.5,27.5,0.5198079231692677,0.9642220510313075
1395,45.5,27.5,0.6158463385354143,0.9708815105673934
1396,46.5,27.5,0.7118847539015608,0.9523342931243498
1397,47.5,27.5,0.8079231692677069,0.956881020755055
1398,48.5,27.5,0.9039615846338535,0.9831800814435174
1399,49.5,27.5,1.0,0.9606916688038012
1400,0.5,28.5,0.0,0.36872805321162383
1401,1.5,28.5,0.037815126050420166,0.38790194959002483
1402,2.5,28.5,0.07563025210084033,0.3957607076886619
1403,3.5,28.5,0.11344537815126049,0.39010925702812754
1404,4.5,28.5,0.1512605042016807,0.3934643343880444
1405,5.5,28.5,0.18907563025210086,0.3722407960003989
1406,6.5,28.5,0.22689075630252103,0.364188742582913
1407,7.5,28.5,0.2647058823529412,0.399582370903392
1408,8.5,28.5,0.3025210084033613,0.3774970926870819
1409,9.5,28.5,0.34033613445378147,0.3783670188523116
1410,10.5,28.5,0.37815126050420167,0.3974859860519488
1411,11.5,28.5,0.4159663865546218,0.388138992334989
1412,12.5,28.5,0.45378151260504196,0.3869240417662467
1413,13.5,28.5,0.49159663865546216,0.40761811614382265
1414,14.5,28.5,0.5294117647058824,0.3736123598299298
1415,15.5,28.5,0.5672268907563025,0.3926384726846178
1416,16.5,28.5,0.6050420168067226,0.38209444066915976
1417,17.5,28.5,0.6428571428571428,0.38465625531770486
1418,18.5,28.5,0.6806722689075632,0.39991092058037847
1419,19.5,28.5,0.7184873949579832,0.38755303145837267
1420,20.5,28.5,0.7411764705882353,0.0065177251859915054
1421,21.5,28.5,0.7411764705882353,0.012985991086701286
1422,22.5,28.5,0.7411764705882353,0.0
1423,23.5,28.5,0.7411764705882353,0.0
1424,24.5,28.5,0.7411764705882353,0.0
1425,25.5,28.5,0.7411764705882353,0.0
1426,26.5,28.5,0.7411764705882353,0.02489669444014592
1427,27.5,28.5,0.7411764705882353,0.0
1428,28.5,28.5,0.7411764705882353,0.0
1429,29.5,28.5,0.7411764705882353,0.0
1430,30.5,28.5,0.7411764705882353,0.00372210100469284
1431,31.5,28.5,0.7411764705882353,0.009877001119355461
1432,32.5,28.5,0.7277996913050938,0.9098751035881714
1433,33.5,28.5,0.6386211627508148,0.8923964917240174
1434,34.5,28.5,0.5494426341965357,0.8974329116592814
1435,35.5,28.5,0.46026410564225667,0.9028779297032552
1436,36.5,28.5,0.43529411764705883,0.0
1437,37.5,28.5,0.43529411764705883,0.019461848508934766
1438,38.5,28.5,0.43529411764705883,0.005944757787634816
1439,39.5,28.5,0.43529411764705883,0.008897949736544413
1440,40.5,28.5,0.43529411764705883,0.008026211054227711
1441,41.5,28.5,0.43529411764705883,0.014208500514322896
1442,42.5,28.5,0.43529411764705883,0.002191821226811879
1443,43.5,28.5,0.43529411764705883,0.0
1444,44.5,28.5,0.5198079231692677,0.9734848376272104
1445,45.5,28.5,0.6158463385354143,0.9607587158365664
1446,46.5,28.5,0.7118847539015608,0.9622448625920339
1447,47.5,28.5,0.8079231692677069,0.975745124021404
1448,48.5,28.5,0.9039615846338535,0.9836386038259984
1449,49.5,28.5,1.0,0.9689029466675145
1450,0.5,29.5,0.0,0.38514349283251015
1451,1.5,29.5,0.037815126050420166,0.4020146551270105
1452,2.5,29.5,0.07563025210084033,0.38431917762718487
1453,3.5,29.5,0.11344537815126049,0.412905476314089
1454,4.5,29.5,0.1512605042016807,0.3882513507955844
1455,5.5,29.5,0.18907563025210086,0.3600846878153742
1456,6.5,29.5,0.22689075630252103,0.39052563300740406
1457,7.5,29.5,0.2647058823529412,0.3860192133121003
1458,8.5,29.5,0.3025210084033613,0.39702053513937424
1459,9.5,29.5,0.34033613445378147,0.38955504706045313
1460,10.5,29.5,0.37815126050420167,0.3797276875314484
1461,11.5,29.5,0.4159663865546218,0.36658023639570764
1462,12.5,29.5,0.45378151260504196,0.3788732542327313
1463,13.5,29.5,0.49159663865546216,0.3711059629596618
1464,14.5,29.5,0.5294117647058824,0.3743751048766099
1465,15.5,29.5,0.5672268907563025,0.38853066888108706
1466,16.5,29.5,0.6050420168067226,0.4016234381396554
1467,17.5,29.5,0.6428571428571428,0.3861828313813127
1468,18.5,29.5,0.6806722689075632,0.3669242892396886
1469,19.5,29.5,0.7184873949579832,0.38678740096850156
1470,20.5,29.5,0.7411764705882353,0.014488894648147142
1471,21.5,29.5,0.7411764705882353,0.0
1472,22.5,29.5,0.7411764705882353,0.0
1473,23.5,29.5,0.7411764705882353,0.00017784565121160497
1474,24.5,29.5,0.7411764705882353,0.0
1475,25.5,29.5,0.7411764705882353,0.007849423162638399
1476,26.5,29.5,0.7411764705882353,0.0
1477,27.5,29.5,0.7411764705882353,0.005079727091493976
1478,28.5,29.5,0.7411764705882353,0.0
1479,29.5,29.5,0.7411764705882353,0.0
1480,30.5,29.5,0.7411764705882353,0.008746642141843812
1481,31.5,29.5,0.7411764705882353,0.0
1482,32.5,29.5,0.7277996913050938,0.9203666272706238
1483,33.5,29.5,0.6386211627508148,0.894617610771812
1484,34.5,29.5,0.5494426341965357,0.9021769304221916
1485,35.5,29.5,0.46026410564225667,0.9107483052412861
1486,36.5,29.5,0.43529411764705883,0.0
1487,37.5,29.5,0.43529411764705883,0.0
1488,38.5,29.5,0.43529411764705883,0.0
1489,39.5,29.5,0.43529411764705883,0.015287453374857455
1490,40.5,29.5,0.43529411764705883,0.0
1491,41.5,29.5,0.43529411764705883,0.0309748492770427
1492,42.5,29.5,0.43529411764705883,0.0
1493,43.5,29.5,0.43529411764705883,0.0022345596109088037
1494,44.5,29.5,0.5198079231692677,0.9873173601692475
1495,45.5,29.5,0.6158463385354143,0.992935296808341
1496,46.5,29.5,0.7118847539015608,0.993606213157015
1497,47.5,29.5,0.8079231692677069,0.9832763687018349
1498,48.5,29.5,0.9039615846338535,0.9810448070292178
1499,49.5,29.5,1.0,0.9758197451983945
1500,0.5,30.5,0.0,0.3908285702546748
1501,1.5,30.5,0.037815126050420166,0.37473032812982415
1502,2.5,30.5,0.07563025210084033,0.37149731471602015
1503,3.5,30.5,0.11344537815126049,0.3813632637546079
1504,4.5,30.5,0.1512605042016807,0.3793435150386925
1505,5.5,30.5,0.18907563025210086,0.3759164061605153
1506,6.5,30.5,0.22689075630252103,0.38983602803631257
1507,7.5,30.5,0.2647058823529412,0.3929710217291583
1508,8.5,30.5,0.3025210084033613,0.3824745584467489
1509,9.5,30.5,0.34033613445378147,0.39929415566346893
1510,10.5,30.5,0.37815126050420167,0.36758047321151077
1511,11.5,30.5,0.4159663865546218,0.37905928013393236
1512,12.5,30.5,0.45378151260504196,0.3727247889675822
1513,13.5,30.5,0.49159663865546216,0.3588039708185283
1514,14.5,30.5,0.5294117647058824,0.3804030185984925
1515,15.5,30.5,0.5672268907563025,0.3799299948796748
1516,16.5,30.5,0.6050420168067226,0.3997290733529928
1517,17.5,30.5,0.6428571428571428,0.3890420322817478
1518,18.5,30.5,0.6806722689075632,0.369003198851685
1519,19.5,30.5,0.7184873949579832,0.4038535996013389
1520,20.5,30.5,0.7411764705882353,0.014784358237051331
1521,21.5,30.5,0.7411764705882353,0.007048078205034436
1522,22.5,30.5,0.7411764705882353,0.0
1523,23.5,30.5,0.7411764705882353,0.0
1524,24.5,30.5,0.7411764705882353,0.0
1525,25.5,30.5,0.7411764705882353,0.013182641627982519
1526,26.5,30.5,0.7411764705882353,0.0228186979423124
1527,27.5,30.5,0.7411764705882353,0.018685696596743392
1528,28.5,30.5,0.7411764705882353,0.0
1529,29.5,30.5,0.7411764705882353,0.0
1530,30.5,30.5,0.7411764705882353,0.0017058601680215934
1531,31.5,30.5,0.7411764705882353,0.0
1532,32.5,30.5,0.7277996913050938,0.9033693690803115
1533,33.5,30.5,0.6386211627508148,0.8976692505698907
1534,34.5,30.5,0.5494426341965357,0.8938136312696008
1535,35.5,30.5,0.46026410564225667,0.8801476604661865
1536,36.5,30.5,0.43529411764705883,0.006218704687627327
1537,37.5,30.5,0.43529411764705883,0.0
1538,38.5,30.5,0.43529411764705883,0.0
1539,39.5,30.5,0.43529411764705883,0.0
1540,40.5,30.5,0.43529411764705883,0.0
1541,41.5,30.5,0.43529411764705883,0.021458541715409743
1542,42.5,30.5,0.43529411764705883,0.02011463847597665
1543,43.5,30.5,0.43529411764705883,0.0
1544,44.5,30.5,0.5198079231692677,0.9613537647902461
1545,45.5,30.5,0.6158463385354143,0.9743213392537575
1546,46.5,30.5,0.7118847539015608,0.9565568708322673
1547,47.5,30.5,0.8079231692677069,0.972299505635901
1548,48.5,30.5,0.9039615846338535,0.9779211405990987
1549,49.5,30.5,1.0,0.9835011791073195
1550,0.5,31.5,0.0,0.38019144960763424
1551,1.5,31.5,0.037815126050420166,0.3789380264251904
1552,2.5,31.5,0.07563025210084033,0.3707734496088816
1553,3.5,31.5,0.11344537815126049,0.37139219888497904
1554,4.5,31.5,0.1512605042016807,0.3786619002329696
1555,5.5,31.5,0.18907563025210086,0.38585220821536437
1556,6.5,31.5,0.22689075630252103,0.39246586610783896
1557,7.5,31.5,0.2647058823529412,0.3716791770734227
1558,8.5,31.5,0.3025210084033613,0.3994776956561242
1559,9.5,31.5,0.34033613445378147,0.37812133908730555
1560,10.5,31.5,0.37815126050420167,0.38114540527291574
1561,11.5,31.5,0.4159663865546218,0.3723568325672222
1562,12.5,31.5,0.45378151260504196,0.3520512575384675
1563,13.5,31.5,0.49159663865546216,0.3921082031227018
1564,14.5,31.5,0.5294117647058824,0.3903258774537267
1565,15.5,31.5,0.5672268907563025,0.37799778889991414
1566,16.5,31.5,0.6050420168067226,0.38221525002917817
1567,17.5,31.5,0.6428571428571428,0.3876511487150469
1568,18.5,31.5,0.6806722689075632,0.36248471142038147
1569,19.5,31.5,0.7184873949579832,0.3749983164567258
1570,20.5,31.5,0.7411764705882353,0.00961701024435167
1571,21.5,31.5,0.7411764705882353,0.0
1572,22.5,31.5,0.7411764705882353,0.003554419217409178
1573,23.5,31.5,0.7411764705882353,0.0
1574,24.5,31.5,0.7411764705882353,0.0056475656470985815
1575,25.5,31.5,0.7411764705882353,0.0
1576,26.5,31.5,0.7411764705882353,0.0
1577,27.5,31.5,0.7411764705882353,0.014102742563281855
1578,28.5,31.5,0.7411764705882353,0.0
1579,29.5,31.5,0.7411764705882353,0.0
1580,30.5,31.5,0.7411764705882353,0.0024285053508734176
1581,31.5,31.5,0.7411764705882353,0.013907778401729317
1582,32.5,31.5,0.7277996913050938,0.8871567936153656
1583,33.5,31.5,0.6386211627508148,0.900203256404499
1584,34.5,31.5,0.5494426341965357,0.9046485716995748
1585,35.5,31.5,0.46026410564225667,0.9078486020094347
1586,36.5,31.5,0.43529411764705883,0.0021363662368045016
1587,37.5,31.5,0.43529411764705883,0.0
1588,38.5,31.5,0.43529411764705883,0.0
1589,39.5,31.5,0.43529411764705883,0.0010430359387750517
1590,40.5,31.5,0.43529411764705883,0.0
1591,41.5,31.5,0.43529411764705883,0.0
1592,42.5,31.5,0.43529411764705883,0.005285895516410767
1593,43.5,31.5,0.43529411764705883,0.010944903946995859
1594,44.5,31.5,0.5198079231692677,0.940034843881403
1595,45.5,31.5,0.6158463385354143,0.956419501593088
1596,46.5,31.5,0.7118847539015608,0.9761421504833941
1597,47.5,31.5,0.8079231692677069,0.9935576827283754
1598,48.5,31.5,0.9039615846338535,0.9688971605967379
1599,49.5,31.5,1.0,0.9598306803311419
1600,0.5,32.5,0.0,0.37918959948304065
1601,1.5,32.5,0.037815126050420166,0.3980512182101394
1602,2.5,32.5,0.07563025210084033,0.3735827441177823
1603,3.5,32.5,0.11344537815126049,0.37172745126032297
1604,4.5,32.5,0.1512605042016807,0.37555903082695996
1605,5.5,32.5,0.18907563025210086,0.3698611549050527
1606,6.5,32.5,0.22689075630252103,0.38288942236166973
1607,7.5,32.5,0.2647058823529412,0.4010758381294534
1608,8.5,32.5,0.3025210084033613,0.38531598751448637
1609,9.5,32.5,0.34033613445378147,0.3783486087093808
1610,10.5,32.5,0.37815126050420167,0.3778708514111308
1611,11.5,32.5,0.4159663865546218,0.3624769023004191
1612,12.5,32.5,0.45378151260504196,0.3920968745822345
1613,13.5,32.5,0.49159663865546216,0.38046166388751346
1614,14.5,32.5,0.5294117647058824,0.3792188589609404
1615,15.5,32.5,0.5672268907563025,0.42006648343888625
1616,16.5,32.5,0.6050420168067226,0.3850214422515439
1617,17.5,32.5,0.6428571428571428,0.37230138523531464
1618,18.5,32.5,0.6806722689075632,0.3762417554169543
1619,19.5,32.5,0.7184873949579832,0.395309579921128
1620,20.5,32.5,0.7411764705882353,0.001371485760945909
1621,21.5,32.5,0.7411764705882353,0.0
1622,22.5,32.5,0.7411764705882353,0.01113008586120599
1623,23.5,32.5,0.7411764705882353,0.0
1624,24.5,32.5,0.7411764705882353,0.022682015664076943
1625,25.5,32.5,0.7411764705882353,0.013077294734187925
1626,26.5,32.5,0.7411764705882353,0.0
1627,27.5,32.5,0.7411764705882353,0.015510632400089082
1628,28.5,32.5,0.7411764705882353,0.0008215990923686252
1629,29.5,32.5,0.7411764705882353,0.010325441103170557
1630,30.5,32.5,0.7411764705882353,0.005869177604515882
1631,31.5,32.5,0.7411764705882353,0.0
1632,32.5,32.5,0.7277996913050938,0.891664287906951
1633,33.5,32.5,0.6386211627508148,0.9119272675874394
1634,34.5,32.5,0.5494426341965357,0.8954029503551291
1635,35.5,32.5,0.46026410564225667,0.8945690298438889
1636,36.5,32.5,0.43529411764705883,0.0
1637,37.5,32.5,0.43529411764705883,0.005128966020810274
1638,38.5,32.5,0.43529411764705883,0.024973190658605274
1639,39.5,32.5,0.43529411764705883,0.0
1640,40.5,32.5,0.43529411764705883,0.0002932508128719072
1641,41.5,32.5,0.43529411764705883,0.017099261615385775
1642,42.5,32.5,0.43529411764705883,0.0
1643,43.5,32.5,0.43529411764705883,0.005477348181793558
1644,44.5,32.5,0.5198079231692677,0.9557818565794249
1645,45.5,32.5,0.6158463385354143,0.9738313601682308
1646,46.5,32.5,0.7118847539015608,0.9663794336163501
1647,47.5,32.5,0.8079231692677069,0.9805806741722174
1648,48.5,32.5,0.9039615846338535,0.983022339280886
1649,49.5,32.5,1.0,1.0
1650,0.5,33.5,0.0,0.3884223594189518
1651,1.5,33.5,0.037815126050420166,0.3853488856598281
1652,2.5,33.5,0.07563025210084033,0.38375774012992164
1653,3.5,33.5,0.11344537815126049,0.37712796064880755
1654,4.5,33.5,0.1512605042016807,0.3855025070899331
1655,5.5,33.5,0.18907563025210086,0.37782738173937097
1656,6.5,33.5,0.22689075630252103,0.38344385876084114
1657,7.5,33.5,0.2647058823529412,0.3973576816297699
1658,8.5,33.5,0.3025210084033613,0.36921683672881483
1659,9.5,33.5,0.34033613445378147,0.39520584831522143
1660,10.5,33.5,0.37815126050420167,0.3973518398714796
1661,11.5,33.5,0.4159663865546218,0.37997454023406185
1662,12.5,33.5,0.45378151260504196,0.35571255986202777
1663,13.5,33.5,0.49159663865546216,0.37404457234821403
1664,14.5,33.5,0.5294117647058824,0.39710821925052603
1665,15.5,33.5,0.5672268907563025,0.381127233873611
1666,16.5,33.5,0.6050420168067226,0.3693045031684538
1667,17.5,33.5,0.6428571428571428,0.37529227316320884
1668,18.5,33.5,0.6806722689075632,0.3915824058192468
1669,19.5,33.5,0.7184873949579832,0.38802400878524607
1670,20.5,33.5,0.7411764705882353,0.0
1671,21.5,33.5,0.7411764705882353,0.0
1672,22.5,33.5,0.7411764705882353,0.0
1673,23.5,33.5,0.7411764705882353,0.0
1674,24.5,33.5,0.7411764705882353,0.019559077663507556
1675,25.5,33.5,0.7411764705882353,0.0
1676,26.5,33.5,0.7411764705882353,0.014737437360744812
1677,27.5,33.5,0.7411764705882353,0.018420197236015668
1678,28.5,33.5,0.7411764705882353,0.012087615603287383
1679,29.5,33.5,0.7411764705882353,0.0
1680,30.5,33.5,0.7411764705882353,0.0048883911299805695
1681,31.5,33.5,0.7411764705882353,0.0
1682,32.5,33.5,0.7277996913050938,0.8885143496224931
1683,33.5,33.5,0.6386211627508148,0.903383796660314
1684,34.5,33.5,0.5494426341965357,0.8851805394133216
1685,35.5,33.5,0.46026410564225667,0.9138369346678096
1686,36.5,33.5,0.43529411764705883,0.0
1687,37.5,33.5,0.43529411764705883,0.002435654663884148
1688,38.5,33.5,0.43529411764705883,0.003430068631601481
1689,39.5,33.5,0.43529411764705883,0.0
1690,40.5,33.5,0.43529411764705883,0.007103728069302766
1691,41.5,33.5,0.43529411764705883,0.0
1692,42.5,33.5,0.43529411764705883,0.010549726370196721
1693,43.5,33.5,0.43529411764705883,0.0
1694,44.5,33.5,0.5198079231692677,0.9701756014458586
1695,45.5,33.5,0.6158463385354143,0.9921220719147944
1696,46.5,33.5,0.7118847539015608,0.9565333099205554
1697,47.5,33.5,0.8079231692677069,0.9604392072259215
1698,48.5,33.5,0.9039615846338535,0.9748678198451738
1699,49.5,33.5,1.0,0.9708197772962575
1700,0.5,34.5,0.0,0.38564957477351375
1701,1.5,34.5,0.037815126050420166,0.38732723263685914
1702,2.5,34.5,0.07563025210084033,0.38908937220989076
1703,3.5,34.5,0.11344537815126049,0.39484044235058346
1704,4.5,34.5,0.1512605042016807,0.386366233816666
1705,5.5,34.5,0.18907563025210086,0.3784829579784606
1706,6.5,34.5,0.22689075630252103,0.38954768959252073
1707,7.5,34.5,0.2647058823529412,0.4044080203603526
1708,8.5,34.5,0.3025210084033613,0.379798183576523
1709,9.5,34.5,0.34033613445378147,0.36960445544475523
1710,10.5,34.5,0.37815126050420167,0.39480872923145643
1711,11.5,34.5,0.4159663865546218,0.3799465386699351
1712,12.5,34.5,0.45378151260504196,0.35509729269309465
1713,13.5,34.5,0.49159663865546216,0.39166476066344175
1714,14.5,34.5,0.5294117647058824,0.374922332175772
1715,15.5,34.5,0.5672268907563025,0.3803079388317027
1716,16.5,34.5,0.6050420168067226,0.3854237621178571
1717,17.5,34.5,0.6428571428571428,0.38371070486749687
1718,18.5,34.5,0.6806722689075632,0.38999421230445774
1719,19.5,34.5,0.7184873949579832,0.3761312236020161
1720,20.5,34.5,0.7411764705882353,0.0062127195682994615
1721,21.5,34.5,0.7411764705882353,0.0
1722,22.5,34.5,0.7411764705882353,0.008945567070554454
1723,23.5,34.5,0.7411764705882353,0.007450910948995213
1724,24.5,34.5,0.7411764705882353,0.0
1725,25.5,34.5,0.7411764705882353,0.013149144616893501
1726,26.5,34.5,0.7411764705882353,0.0
1727,27.5,34.5,0.7411764705882353,0.0097840182542148
1728,28.5,34.5,0.7411764705882353,0.004447139531979293
1729,29.5,34.5,0.7411764705882353,0.02225685178290397
1730,30.5,34.5,0.7411764705882353,0.0
1731,31.5,34.5,0.7411764705882353,0.0
1732,32.5,34.5,0.7277996913050938,0.8992212987314058
1733,33.5,34.5,0.6386211627508148,0.8957855113942007
1734,34.5,34.5,0.5494426341965357,0.9091421830621449
1735,35.5,34.5,0.46026410564225667,0.8798860349021692
1736,36.5,34.5,0.43529411764705883,0.0
1737,37.5,34.5,0.43529411764705883,0.0
1738,38.5,34.5,0.43529411764705883,0.011506388338515127
1739,39.5,34.5,0.43529411764705883,0.02071222194606228
1740,40.5,34.5,0.43529411764705883,0.0
1741,41.5,34.5,0.43529411764705883,0.0
1742,42.5,34.5,0.43529411764705883,0.0008481963098487829
1743,43.5,34.5,0.43529411764705883,0.014068100754767379
1744,44.5,34.5,0.5198079231692677,0.9574169347660786
1745,45.5,34.5,0.6158463385354143,0.9715315766835263
1746,46.5,34.5,0.7118847539015608,0.9804531475764469
1747,47.5,34.5,0.8079231692677069,0.9747126709479765
1748,48.5,34.5,0.9039615846338535,0.9709408559679223
1749,49.5,34.5,1.0,0.980766122505056
